--Codigo Postal
insert into CodigoPostal (CodigoPostal, Localidade) values ('3846808', 'Lisboa');
insert into CodigoPostal (CodigoPostal, Localidade) values ('3889261', 'Porto');
insert into CodigoPostal (CodigoPostal, Localidade) values ('4551344', 'Lisboa');
insert into CodigoPostal (CodigoPostal, Localidade) values ('8471924', 'Porto');
insert into CodigoPostal (CodigoPostal, Localidade) values ('5466663', 'Braga');
insert into CodigoPostal (CodigoPostal, Localidade) values ('7836416', 'Corse');
insert into CodigoPostal (CodigoPostal, Localidade) values ('5769166', 'Lisboa');
insert into CodigoPostal (CodigoPostal, Localidade) values ('4908865', 'Braga');
insert into CodigoPostal (CodigoPostal, Localidade) values ('8242176', 'Lisboa');
insert into CodigoPostal (CodigoPostal, Localidade) values ('8296637', 'Porto');
insert into CodigoPostal (CodigoPostal, Localidade) values ('5544767', 'Lisboa');
insert into CodigoPostal (CodigoPostal, Localidade) values ('0405122', 'Porto');
insert into CodigoPostal (CodigoPostal, Localidade) values ('5634023', 'Braga');
insert into CodigoPostal (CodigoPostal, Localidade) values ('1276980', 'Braga');
insert into CodigoPostal (CodigoPostal, Localidade) values ('8117475', 'Braga');
insert into CodigoPostal (CodigoPostal, Localidade) values ('6377635', 'Lisboa');
insert into CodigoPostal (CodigoPostal, Localidade) values ('0013557', 'Porto');
insert into CodigoPostal (CodigoPostal, Localidade) values ('0289674', 'Porto');
insert into CodigoPostal (CodigoPostal, Localidade) values ('4022018', 'Lisboa');
insert into CodigoPostal (CodigoPostal, Localidade) values ('0571942', 'Lisboa');
insert into CodigoPostal (CodigoPostal, Localidade) values ('6784381', 'Braga');
insert into CodigoPostal (CodigoPostal, Localidade) values ('2965210', 'Lisboa');
insert into CodigoPostal (CodigoPostal, Localidade) values ('0880053', 'Porto');
insert into CodigoPostal (CodigoPostal, Localidade) values ('2064687', 'Porto');
insert into CodigoPostal (CodigoPostal, Localidade) values ('0474164', 'Lisboa');
insert into CodigoPostal (CodigoPostal, Localidade) values ('3489192', 'Porto');
insert into CodigoPostal (CodigoPostal, Localidade) values ('4439880', 'Porto');
insert into CodigoPostal (CodigoPostal, Localidade) values ('9047683', 'Braga');
insert into CodigoPostal (CodigoPostal, Localidade) values ('8860243', 'Porto');
insert into CodigoPostal (CodigoPostal, Localidade) values ('4410660', 'Lisboa');

--Endereco
insert into Endereco (Id, Numero, Rua, CodigoPostal) values (1, '7', 'American', '3846808');
insert into Endereco (Id, Numero, Rua, CodigoPostal) values (2, '0293', 'Redwing', '3889261');
insert into Endereco (Id, Numero, Rua, CodigoPostal) values (3, '66', 'Lukken', '4551344');
insert into Endereco (Id, Numero, Rua, CodigoPostal) values (4, '024', 'Sachtjen', '8471924');
insert into Endereco (Id, Numero, Rua, CodigoPostal) values (5, '186', 'Lighthouse Bay', '5466663');
insert into Endereco (Id, Numero, Rua, CodigoPostal) values (6, '8', 'Shoshone', '7836416');
insert into Endereco (Id, Numero, Rua, CodigoPostal) values (7, '51', 'Randy', '5769166');
insert into Endereco (Id, Numero, Rua, CodigoPostal) values (8, '60', 'Quincy', '4908865');
insert into Endereco (Id, Numero, Rua, CodigoPostal) values (9, '0886', 'Browning', '8242176');
insert into Endereco (Id, Numero, Rua, CodigoPostal) values (10, '06340', 'Briar Crest', '8296637');
insert into Endereco (Id, Numero, Rua, CodigoPostal) values (11, '792', 'Warbler', '5544767');
insert into Endereco (Id, Numero, Rua, CodigoPostal) values (12, '01', 'Anderson', '0405122');
insert into Endereco (Id, Numero, Rua, CodigoPostal) values (13, '5', 'Hovde', '5634023');
insert into Endereco (Id, Numero, Rua, CodigoPostal) values (14, '6', '8th', '1276980');
insert into Endereco (Id, Numero, Rua, CodigoPostal) values (15, '962', 'Carberry', '8117475');
insert into Endereco (Id, Numero, Rua, CodigoPostal) values (16, '80867', 'Daystar', '6377635');
insert into Endereco (Id, Numero, Rua, CodigoPostal) values (17, '02', 'Charing Cross', '0013557');
insert into Endereco (Id, Numero, Rua, CodigoPostal) values (18, '14030', 'Orin', '0289674');
insert into Endereco (Id, Numero, Rua, CodigoPostal) values (19, '40854', 'Schlimgen', '4022018');
insert into Endereco (Id, Numero, Rua, CodigoPostal) values (20, '18', 'Vermont', '0571942');
insert into Endereco (Id, Numero, Rua, CodigoPostal) values (21, '98500', 'Algoma', '6784381');
insert into Endereco (Id, Numero, Rua, CodigoPostal) values (22, '5191', 'Lien', '2965210');
insert into Endereco (Id, Numero, Rua, CodigoPostal) values (23, '66', 'Evergreen', '0880053');
insert into Endereco (Id, Numero, Rua, CodigoPostal) values (24, '9455', 'Tennessee', '2064687');
insert into Endereco (Id, Numero, Rua, CodigoPostal) values (25, '4786', 'Colorado', '0474164');
insert into Endereco (Id, Numero, Rua, CodigoPostal) values (26, '9', 'Gale', '3489192');
insert into Endereco (Id, Numero, Rua, CodigoPostal) values (27, '3', 'Vahlen', '4439880');
insert into Endereco (Id, Numero, Rua, CodigoPostal) values (28, '8207', 'Ridgeview', '9047683');
insert into Endereco (Id, Numero, Rua, CodigoPostal) values (29, '932', 'Sheridan', '8860243');
insert into Endereco (Id, Numero, Rua, CodigoPostal) values (30, '846', 'Pond', '4410660');

--Aluno
insert into Aluno (Numero, Nome, Apelido, DataNascimento, NumeroCarteira, Email, Senha, EnderecoId) values (1, 'Carree', 'Banstead', '1992-12-17', 'L-6759197', 'cbanstead0@tinypic.com', '29c76f13a59cf30affaa6720fcb10d01df18c2b5', 1);
insert into Aluno (Numero, Nome, Apelido, DataNascimento, NumeroCarteira, Email, Senha, EnderecoId) values (2, 'Patten', 'Horstead', '1997-01-14', 'L-6499788', 'phorstead1@jalbum.net', 'fe915aa5eb09bcf0b259ebe598a73fa36efc447d7', 2);
insert into Aluno (Numero, Nome, Apelido, DataNascimento, NumeroCarteira, Email, Senha, EnderecoId) values (3, 'Nicolea', 'Bigg', '1991-04-30', null, 'nbigg2@bbc.co.uk', '169e41c8491cc7f66d9c308eec8eaeec517976ba0', 3);
insert into Aluno (Numero, Nome, Apelido, DataNascimento, NumeroCarteira, Email, Senha, EnderecoId) values (4, 'Tana', 'Di Iorio', '2001-07-15', 'L-1030243', 'tdiiorio3@mayoclinic.com', '83725f0e253a3ac25cbe4abd38143764', 4);
insert into Aluno (Numero, Nome, Apelido, DataNascimento, NumeroCarteira, Email, Senha, EnderecoId) values (5, 'Kati', 'Plewes', '1991-05-21', 'L-8726979', 'kplewes4@cmu.edu', 'c092ca4bd81fb8a6b17dd7fefc92f5f412d51a33b7', 5);
insert into Aluno (Numero, Nome, Apelido, DataNascimento, NumeroCarteira, Email, Senha, EnderecoId) values (6, 'Raddie', 'Blakeman', '1991-11-12', null, 'rblakeman5@youtube.com', 'dde3b9ed62cc5ce74cfe846dbef4710c964dffe', 6);
insert into Aluno (Numero, Nome, Apelido, DataNascimento, NumeroCarteira, Email, Senha, EnderecoId) values (7, 'Wendie', 'Millthorpe', '2000-09-22', 'L-4248966', 'wmillthorpe6@google.co.jp', '4596bb9abde97247e21052c2cc99', 7);
insert into Aluno (Numero, Nome, Apelido, DataNascimento, NumeroCarteira, Email, Senha, EnderecoId) values (8, 'Tedie', 'Yallop', '1994-05-18', 'L-9065464', 'tyallop7@buzzfeed.com', 'ec9224b105fe85992eb2614aeaa038d171ba9', 8);
insert into Aluno (Numero, Nome, Apelido, DataNascimento, NumeroCarteira, Email, Senha, EnderecoId) values (9, 'Jaquith', 'Corneil', '1996-12-07', null, 'jcorneil8@joomla.org', 'ea4f585af27d632e3f778b0cdb488c5bf6499ed', 9);
insert into Aluno (Numero, Nome, Apelido, DataNascimento, NumeroCarteira, Email, Senha, EnderecoId) values (10, 'Timotheus', 'Cyster', '1996-10-25', 'L-1606317', 'tcyster9@artisteer.com', '3a2995cc593dd074ab9f6cafb987', 10);
insert into Aluno (Numero, Nome, Apelido, DataNascimento, NumeroCarteira, Email, Senha, EnderecoId) values (11, 'Codee', 'Ashbridge', '1992-12-26', 'L-4711715', 'cashbridgea@weather.com', 'afaafa9d3f2317ad49d1c58426d7', 11);
insert into Aluno (Numero, Nome, Apelido, DataNascimento, NumeroCarteira, Email, Senha, EnderecoId) values (12, 'Moyra', 'Ravilious', '1997-04-27', 'L-4199080', 'mraviliousb@nytimes.com', '38ee797f0fe9491175fbdae2ed6641', 12);
insert into Aluno (Numero, Nome, Apelido, DataNascimento, NumeroCarteira, Email, Senha, EnderecoId) values (13, 'Billi', 'Dadd', '1993-05-08', 'L-1982964', 'bdaddc@liveinternet.ru', '1103199a490c3aa35579adb2cf609be', 13);
insert into Aluno (Numero, Nome, Apelido, DataNascimento, NumeroCarteira, Email, Senha, EnderecoId) values (14, 'Rosamond', 'MacQuaker', '1994-12-29', 'L-3408911', 'rmacquakerd@is.gd', '5141a97cfc421c9b7aa6f0c55b775d05', 14);
insert into Aluno (Numero, Nome, Apelido, DataNascimento, NumeroCarteira, Email, Senha, EnderecoId) values (15, 'Lynett', 'Yakushkin', '1994-07-06', 'L-6176289', 'lyakushkine@npr.org', '80aaadb98c737db9a292be3959cf7a8c', 15);
insert into Aluno (Numero, Nome, Apelido, DataNascimento, NumeroCarteira, Email, Senha, EnderecoId) values (16, 'Graham', 'Huckerby', '1998-10-13', 'L-4154276', 'ghuckerbyf@discuz.net', '8de6535bc46712f2f7f3e5c78f47986ab', 16);
insert into Aluno (Numero, Nome, Apelido, DataNascimento, NumeroCarteira, Email, Senha, EnderecoId) values (17, 'Pennie', 'MacTrustram', '1996-10-26', 'L-9437727', 'pmactrustramg@arizona.edu', 'e3909f778891230d4b8e4ed1f4dac9ce', 17);
insert into Aluno (Numero, Nome, Apelido, DataNascimento, NumeroCarteira, Email, Senha, EnderecoId) values (18, 'Franky', 'Jerred', '1996-12-30', null, 'fjerredh@auda.org.au', '72ee9cce3a462393bc9c0349b070f8a', 18);
insert into Aluno (Numero, Nome, Apelido, DataNascimento, NumeroCarteira, Email, Senha, EnderecoId) values (19, 'Brock', 'Harby', '2000-07-02', null, 'bharbyi@umn.edu', '967b5080bf7ab3f47e6bf996e50cd8e', 19);
insert into Aluno (Numero, Nome, Apelido, DataNascimento, NumeroCarteira, Email, Senha, EnderecoId) values (20, 'Lucilia', 'Ames', '1999-04-21', 'L-6853949', 'lamesj@dot.gov', 'ca401905de28fce83129065994d08ef', 20);
insert into Aluno (Numero, Nome, Apelido, DataNascimento, NumeroCarteira, Email, Senha, EnderecoId) values (21, 'Hyacinthe', 'Pollastro', '1990-10-14', null, 'hpollastrok@usda.gov', '0195a10bc5730074c639e588aec4e', 21);
insert into Aluno (Numero, Nome, Apelido, DataNascimento, NumeroCarteira, Email, Senha, EnderecoId) values (22, 'Basia', 'Poulsom', '1990-08-29', null, 'bpoulsoml@va.gov', '9031149c7d04d1104f3a785e69156d04', 22);
insert into Aluno (Numero, Nome, Apelido, DataNascimento, NumeroCarteira, Email, Senha, EnderecoId) values (23, 'Jerrilee', 'Dahlgren', '1999-11-26', 'L-1453331', 'jdahlgrenm@unblog.fr', '8851dce54360a50e1a6cb5d76c2498', 23);
insert into Aluno (Numero, Nome, Apelido, DataNascimento, NumeroCarteira, Email, Senha, EnderecoId) values (24, 'Piper', 'Swanton', '1990-01-14', 'L-4425756', 'pswantonn@symantec.com', '79f6748df329b20a33208ece4ea23', 24);
insert into Aluno (Numero, Nome, Apelido, DataNascimento, NumeroCarteira, Email, Senha, EnderecoId) values (25, 'Case', 'Wales', '1991-12-31', 'L-0570576', 'cwaleso@nasa.gov', '7bd21095720573771116bfbeca6c5', 25);
insert into Aluno (Numero, Nome, Apelido, DataNascimento, NumeroCarteira, Email, Senha, EnderecoId) values (26, 'Jere', 'Balma', '1990-09-03', null, 'jbalmap@ebay.com', 'a517bb33924298c24c94725ea99da', 26);
insert into Aluno (Numero, Nome, Apelido, DataNascimento, NumeroCarteira, Email, Senha, EnderecoId) values (27, 'Lilyan', 'Knapton', '1997-02-17', 'L-7721404', 'lknaptonq@bandcamp.com', 'b0cd33ff2187c8ed967a7e57f7927', 27);
insert into Aluno (Numero, Nome, Apelido, DataNascimento, NumeroCarteira, Email, Senha, EnderecoId) values (28, 'Jack', 'Morillas', '1997-02-14', 'L-8754799', 'jmorillasr@goo.gl', '774804b08b0e93c97e72d7bf52c7', 28);
insert into Aluno (Numero, Nome, Apelido, DataNascimento, NumeroCarteira, Email, Senha, EnderecoId) values (29, 'Stormie', 'Jurczak', '1999-08-20', 'L-8422862', 'sjurczaks@amazon.com', '7930cbce60744795e2385553d49823', 29);
insert into Aluno (Numero, Nome, Apelido, DataNascimento, NumeroCarteira, Email, Senha, EnderecoId) values (30, 'Ennis', 'Isacsson', '1997-05-01', 'L-1942673', 'eisacssont@hc360.com', 'f717af191c90782bb63d91219f8ad2e2', 30);

--TIpo Contato
insert into TipoContato (Nome) values ('Telemóvel');
insert into TipoContato (Nome) values ('Email');

--Contato
insert into Contato (NumeroAluno, Tipo, Valor) values (1, 1, '294817986419');
insert into Contato (NumeroAluno, Tipo, Valor) values (2, 1, '537247561301');
insert into Contato (NumeroAluno, Tipo, Valor) values (3, 1, '747288608136');
insert into Contato (NumeroAluno, Tipo, Valor) values (4, 1, '489261789372');
insert into Contato (NumeroAluno, Tipo, Valor) values (5, 1, '955983735943');
insert into Contato (NumeroAluno, Tipo, Valor) values (6, 1, '857078147780');
insert into Contato (NumeroAluno, Tipo, Valor) values (7, 1, '040300433347');
insert into Contato (NumeroAluno, Tipo, Valor) values (8, 1, '271367627899');
insert into Contato (NumeroAluno, Tipo, Valor) values (9, 1, '932973420056');
insert into Contato (NumeroAluno, Tipo, Valor) values (10, 1, '082521565192');
insert into Contato (NumeroAluno, Tipo, Valor) values (11, 1, '543285496612');
insert into Contato (NumeroAluno, Tipo, Valor) values (12, 1, '094489223970');
insert into Contato (NumeroAluno, Tipo, Valor) values (13, 1, '744551603980');
insert into Contato (NumeroAluno, Tipo, Valor) values (14, 1, '969356699145');
insert into Contato (NumeroAluno, Tipo, Valor) values (15, 1, '223114549705');


--Zona
insert into Zona (Id, EnderecoId, Nome) values (1, 1, 'Alphazap');
insert into Zona (Id, EnderecoId, Nome) values (2, 2, 'Veribet');
insert into Zona (Id, EnderecoId, Nome) values (3, 3, 'Zoolab');
insert into Zona (Id, EnderecoId, Nome) values (4, 4, 'Lotlux');
insert into Zona (Id, EnderecoId, Nome) values (5, 5, 'Fixflex');
insert into Zona (Id, EnderecoId, Nome) values (6, 6, 'Fix San');
insert into Zona (Id, EnderecoId, Nome) values (7, 7, 'Veribet');
insert into Zona (Id, EnderecoId, Nome) values (8, 8, 'Biodex');
insert into Zona (Id, EnderecoId, Nome) values (9, 9, 'Span');
insert into Zona (Id, EnderecoId, Nome) values (10, 10, 'Stronghold');
insert into Contato (NumeroAluno, Tipo, Valor) values (16, 2, 'cograda0@goodreads.com');
insert into Contato (NumeroAluno, Tipo, Valor) values (17, 2, 'twatterson1@seattletimes.com');
insert into Contato (NumeroAluno, Tipo, Valor) values (18, 2, 'dokerin2@google.co.jp');
insert into Contato (NumeroAluno, Tipo, Valor) values (19, 2, 'amallabund3@moonfruit.com');
insert into Contato (NumeroAluno, Tipo, Valor) values (20, 2, 'mfarryann4@craigslist.org');
insert into Contato (NumeroAluno, Tipo, Valor) values (21, 2, 'sboutcher5@twitter.com');
insert into Contato (NumeroAluno, Tipo, Valor) values (22, 2, 'gjohananov6@usatoday.com');
insert into Contato (NumeroAluno, Tipo, Valor) values (23, 2, 'srisebarer7@intel.com');
insert into Contato (NumeroAluno, Tipo, Valor) values (24, 2, 'jpopham8@arizona.edu');
insert into Contato (NumeroAluno, Tipo, Valor) values (25, 2, 'cwaddilove9@boston.com');
insert into Contato (NumeroAluno, Tipo, Valor) values (26, 2, 'pbeedlea@flavors.me');
insert into Contato (NumeroAluno, Tipo, Valor) values (27, 2, 'nwoollamb@cnn.com');
insert into Contato (NumeroAluno, Tipo, Valor) values (28, 2, 'akernec@springer.com');
insert into Contato (NumeroAluno, Tipo, Valor) values (29, 2, 'lbeadelld@buzzfeed.com');
insert into Contato (NumeroAluno, Tipo, Valor) values (30, 2, 'ahampee@bigcartel.com');

--Cor
insert into Cor (Id, Nome) values (1, 'Black');
insert into Cor (Id, Nome) values (2, 'White');
insert into Cor (Id, Nome) values (3, 'Grey');
insert into Cor (Id, Nome) values (4, 'Blue');
insert into Cor (Id, Nome) values (5, 'Red');

--Categoria Veiculo
insert into CategoriaVeiculo(Id,Nome) values (1, 'Car');
insert into CategoriaVeiculo(Id,Nome) values (2, 'Scooter');

--VeiculoModelo
insert into VeiculoModelo (Id, Nome, CategoriaVeiculo) values (1, 'LeSabre', 1);
insert into VeiculoModelo (Id, Nome, CategoriaVeiculo) values (2, 'Sierra 2500', 1);
insert into VeiculoModelo (Id, Nome, CategoriaVeiculo) values (3, 'Murciélago', 1);
insert into VeiculoModelo (Id, Nome, CategoriaVeiculo) values (4, 'VUE', 1);
insert into VeiculoModelo (Id, Nome, CategoriaVeiculo) values (5, 'Caravan', 1);
insert into VeiculoModelo (Id, Nome, CategoriaVeiculo) values (6, 'Swift', 1);
insert into VeiculoModelo (Id, Nome, CategoriaVeiculo) values (7, 'G-Series G10', 1);
insert into VeiculoModelo (Id, Nome, CategoriaVeiculo) values (8, 'Camaro', 1);
insert into VeiculoModelo (Id, Nome, CategoriaVeiculo) values (9, 'Silhouette', 1);
insert into VeiculoModelo (Id, Nome, CategoriaVeiculo) values (10, 'Z8', 1);
insert into VeiculoModelo (Id, Nome, CategoriaVeiculo) values (11, 'Eleglide', 2);

--Veiculo
insert into Veiculo (Id, ModeloId, CorId, Placa, ZonaId, Bateria) values (1, 3, 1, 'je-34-uk', 1, 20);
insert into Veiculo (Id, ModeloId, CorId, Placa, ZonaId, Bateria) values (2, 4, 4, 'vx-73-xl', 2, 86);
insert into Veiculo (Id, ModeloId, CorId, Placa, ZonaId, Bateria) values (3, 4, 5, 'dc-77-vn', 9, 47);
insert into Veiculo (Id, ModeloId, CorId, Placa, ZonaId, Bateria) values (4, 3, 1, 'ia-81-yj', 2, 29);
insert into Veiculo (Id, ModeloId, CorId, Placa, ZonaId, Bateria) values (5, 8, 3, 'wh-27-kc', 9, 40);
insert into Veiculo (Id, ModeloId, CorId, Placa, ZonaId, Bateria) values (6, 1, 5, 'nc-03-yz', 5, 57);
insert into Veiculo (Id, ModeloId, CorId, Placa, ZonaId, Bateria) values (7, 1, 1, 'nx-58-ix', 4, 60);
insert into Veiculo (Id, ModeloId, CorId, Placa, ZonaId, Bateria) values (8, 6, 5, 'sf-55-xf', 6, 11);
insert into Veiculo (Id, ModeloId, CorId, Placa, ZonaId, Bateria) values (9, 6, 5, 'dn-87-qe', 9, 94);
insert into Veiculo (Id, ModeloId, CorId, Placa, ZonaId, Bateria) values (10, 3, 5, 'oc-52-ks', 4, 99);
insert into Veiculo (Id, ModeloId, CorId, Placa, ZonaId, Bateria) values (11, 8, 5, 'jn-07-uo', 1, 99);
insert into Veiculo (Id, ModeloId, CorId, Placa, ZonaId, Bateria) values (12, 4, 1, 'ld-44-jh', 10, 1);
insert into Veiculo (Id, ModeloId, CorId, Placa, ZonaId, Bateria) values (13, 5, 3, 'vd-81-mi', 10, 47);
insert into Veiculo (Id, ModeloId, CorId, Placa, ZonaId, Bateria) values (14, 4, 1, 'oa-12-ln', 6, 47);
insert into Veiculo (Id, ModeloId, CorId, Placa, ZonaId, Bateria) values (15, 3, 5, 'zv-38-de', 8, 11);
insert into Veiculo (Id, ModeloId, CorId, Placa, ZonaId, Bateria) values (16, 2, 2, 'be-60-rb', 7, 84);
insert into Veiculo (Id, ModeloId, CorId, Placa, ZonaId, Bateria) values (17, 11, 2, 'AAA', 3, 24);
insert into Veiculo (Id, ModeloId, CorId, Placa, ZonaId, Bateria) values (18, 8, 2, 'ti-15-kn', 2, 28);
insert into Veiculo (Id, ModeloId, CorId, Placa, ZonaId, Bateria) values (19, 1, 4, 'oy-67-ek', 8, 96);
insert into Veiculo (Id, ModeloId, CorId, Placa, ZonaId, Bateria) values (20, 4, 1, 'sw-17-ti', 1, 93);
insert into Veiculo (Id, ModeloId, CorId, Placa, ZonaId, Bateria) values (21, 11, 1, 'AAB', 4, 80);
insert into Veiculo (Id, ModeloId, CorId, Placa, ZonaId, Bateria) values (22, 11, 2, 'AAC', 4, 32);
insert into Veiculo (Id, ModeloId, CorId, Placa, ZonaId, Bateria) values (23, 11, 2, 'AAD', 5, 42);

--Corrida
insert into Corrida (Id, VeiculoId, DataInicio, DataFim, ZonaInicio, ZonaFim) values (16, 14, '2022-02-27 15:27:04', '2022-02-27 15:28:04', 2, 8);
insert into Corrida (Id, VeiculoId, DataInicio, DataFim, ZonaInicio, ZonaFim) values (17, 7, '2022-05-22 17:20:47', '2022-05-22 19:55:47', 5, 1);
insert into Corrida (Id, VeiculoId, DataInicio, DataFim, ZonaInicio, ZonaFim) values (18, 6, '2022-08-09 14:58:42', '2022-08-09 15:38:42', 1, 5);
insert into Corrida (Id, VeiculoId, DataInicio, DataFim, ZonaInicio, ZonaFim) values (19, 15, '2022-02-03 02:18:53', '2022-02-03 04:29:53', 10, 8);
insert into Corrida (Id, VeiculoId, DataInicio, DataFim, ZonaInicio, ZonaFim) values (20, 1, '2022-08-31 04:44:25', '2022-08-31 06:49:25', 2, 3);
insert into Corrida (Id, VeiculoId, DataInicio, DataFim, ZonaInicio, ZonaFim) values (21, 19, '2022-04-23 19:23:41', '2022-04-23 20:59:41', 6, 9);
insert into Corrida (Id, VeiculoId, DataInicio, DataFim, ZonaInicio, ZonaFim) values (22, 8, '2021-11-29 12:48:54', '2021-11-29 13:12:54', 3, 4);
insert into Corrida (Id, VeiculoId, DataInicio, DataFim, ZonaInicio, ZonaFim) values (23, 3, '2021-12-27 17:45:17', '2021-12-27 20:29:17', 10, 6);
insert into Corrida (Id, VeiculoId, DataInicio, DataFim, ZonaInicio, ZonaFim) values (24, 12, '2022-11-18 23:07:25', '2022-11-18 23:29:25', 7, 10);
insert into Corrida (Id, VeiculoId, DataInicio, DataFim, ZonaInicio, ZonaFim) values (25, 11, '2022-03-11 14:13:59', '2022-03-11 16:21:59', 2, 9);
insert into Corrida (Id, VeiculoId, DataInicio, DataFim, ZonaInicio, ZonaFim) values (26, 3, '2022-07-04 18:03:18', '2022-07-04 19:16:18', 8, 1);
insert into Corrida (Id, VeiculoId, DataInicio, DataFim, ZonaInicio, ZonaFim) values (27, 15, '2022-01-09 02:15:22', '2022-01-09 04:28:22', 10, 9);
insert into Corrida (Id, VeiculoId, DataInicio, DataFim, ZonaInicio, ZonaFim) values (28, 9, '2022-09-10 22:24:30', '2022-09-10 22:40:30', 10, 3);
insert into Corrida (Id, VeiculoId, DataInicio, DataFim, ZonaInicio, ZonaFim) values (29, 2, '2022-07-03 17:38:52', '2022-07-03 17:56:52', 8, 8);
insert into Corrida (Id, VeiculoId, DataInicio, DataFim, ZonaInicio, ZonaFim) values (30, 7, '2022-07-18 00:24:02', '2022-07-18 00:49:02', 4, 9);
insert into Corrida (Id, VeiculoId, DataInicio, DataFim, ZonaInicio, ZonaFim) values (31, 2, '2022-10-14 06:22:27', '2022-10-14 09:00:27', 8, 4);
insert into Corrida (Id, VeiculoId, DataInicio, DataFim, ZonaInicio, ZonaFim) values (32, 10, '2022-10-12 05:34:05', '2022-10-12 07:06:05', 3, 3);
insert into Corrida (Id, VeiculoId, DataInicio, DataFim, ZonaInicio, ZonaFim) values (33, 19, '2021-12-17 19:44:00', '2021-12-17 20:40:00', 5, 4);
insert into Corrida (Id, VeiculoId, DataInicio, DataFim, ZonaInicio, ZonaFim) values (34, 4, '2021-11-26 10:44:23', '2021-11-26 11:49:23', 1, 5);
insert into Corrida (Id, VeiculoId, DataInicio, DataFim, ZonaInicio, ZonaFim) values (35, 2, '2022-05-26 18:53:41', '2022-05-26 20:11:41', 3, 8);
insert into Corrida (Id, VeiculoId, DataInicio, DataFim, ZonaInicio, ZonaFim) values (36, 10, '2022-06-11 04:10:30', '2022-06-11 04:15:30', 9, 8);
insert into Corrida (Id, VeiculoId, DataInicio, DataFim, ZonaInicio, ZonaFim) values (37, 11, '2022-02-11 20:16:06', '2022-02-11 20:34:06', 8, 4);
insert into Corrida (Id, VeiculoId, DataInicio, DataFim, ZonaInicio, ZonaFim) values (38, 11, '2022-08-15 23:10:07', '2022-08-16 01:36:07', 5, 2);
insert into Corrida (Id, VeiculoId, DataInicio, DataFim, ZonaInicio, ZonaFim) values (39, 11, '2022-11-24 01:18:25', '2022-11-24 01:48:25', 3, 3);
insert into Corrida (Id, VeiculoId, DataInicio, DataFim, ZonaInicio, ZonaFim) values (40, 3, '2022-05-28 08:35:32', '2022-05-28 10:59:32', 1, 3);
insert into Corrida (Id, VeiculoId, DataInicio, DataFim, ZonaInicio, ZonaFim) values (41, 19, '2022-05-27 20:59:15', '2022-05-27 21:43:15', 3, 10);
insert into Corrida (Id, VeiculoId, DataInicio, DataFim, ZonaInicio, ZonaFim) values (42, 9, '2022-02-08 23:33:47', '2022-02-09 00:56:47', 10, 10);
insert into Corrida (Id, VeiculoId, DataInicio, DataFim, ZonaInicio, ZonaFim) values (43, 18, '2022-10-18 23:46:43', '2022-10-19 01:35:43', 7, 9);
insert into Corrida (Id, VeiculoId, DataInicio, DataFim, ZonaInicio, ZonaFim) values (44, 2, '2022-04-10 10:15:33', '2022-04-10 11:32:33', 2, 6);
insert into Corrida (Id, VeiculoId, DataInicio, DataFim, ZonaInicio, ZonaFim) values (45, 16, '2022-01-25 21:35:37', '2022-01-25 23:06:37', 2, 2);
insert into Corrida (Id, VeiculoId, DataInicio, DataFim, ZonaInicio, ZonaFim) values (46, 10, '2022-08-05 02:24:59', '2022-08-05 04:42:59', 6, 1);
insert into Corrida (Id, VeiculoId, DataInicio, DataFim, ZonaInicio, ZonaFim) values (47, 4, '2022-02-28 12:20:36', '2022-02-28 13:29:36', 8, 6);
insert into Corrida (Id, VeiculoId, DataInicio, DataFim, ZonaInicio, ZonaFim) values (48, 14, '2022-11-25 00:32:46', '2022-11-25 02:27:46', 4, 8);
insert into Corrida (Id, VeiculoId, DataInicio, DataFim, ZonaInicio, ZonaFim) values (49, 1, '2022-05-10 22:05:32', '2022-05-10 22:53:32', 4, 4);
insert into Corrida (Id, VeiculoId, DataInicio, DataFim, ZonaInicio, ZonaFim) values (50, 6, '2022-05-10 23:52:51', '2022-05-11 02:17:51', 8, 10);
insert into Corrida (Id, VeiculoId, DataInicio, DataFim, ZonaInicio, ZonaFim) values (51, 10, '2022-07-05 06:46:09', '2022-07-05 06:55:09', 7, 7);
insert into Corrida (Id, VeiculoId, DataInicio, DataFim, ZonaInicio, ZonaFim) values (52, 13, '2021-12-25 00:51:22', '2021-12-25 02:49:22', 3, 3);
insert into Corrida (Id, VeiculoId, DataInicio, DataFim, ZonaInicio, ZonaFim) values (53, 8, '2022-12-28 10:21:01', '2022-12-28 10:51:01', 5, 1);
insert into Corrida (Id, VeiculoId, DataInicio, DataFim, ZonaInicio, ZonaFim) values (54, 8, '2022-12-20 04:54:16', '2022-12-20 05:33:16', 2, 3);
insert into Corrida (Id, VeiculoId, DataInicio, DataFim, ZonaInicio, ZonaFim) values (55, 8, '2022-05-10 21:43:28', '2022-05-10 23:28:28', 9, 9);
insert into Corrida (Id, VeiculoId, DataInicio, DataFim, ZonaInicio, ZonaFim) values (56, 19, '2022-10-30 22:34:10', '2022-10-30 22:35:10', 5, 4);
insert into Corrida (Id, VeiculoId, DataInicio, DataFim, ZonaInicio, ZonaFim) values (57, 10, '2022-11-28 11:00:45', '2022-11-28 11:41:45', 5, 2);
insert into Corrida (Id, VeiculoId, DataInicio, DataFim, ZonaInicio, ZonaFim) values (58, 12, '2021-11-22 22:25:43', '2021-11-23 00:04:43', 9, 6);
insert into Corrida (Id, VeiculoId, DataInicio, DataFim, ZonaInicio, ZonaFim) values (59, 14, '2022-05-22 11:13:31', '2022-05-22 13:32:31', 1, 10);
insert into Corrida (Id, VeiculoId, DataInicio, DataFim, ZonaInicio, ZonaFim) values (60, 6, '2021-11-09 16:27:28', '2021-11-09 17:47:28', 8, 4);
insert into Corrida (Id, VeiculoId, DataInicio, DataFim, ZonaInicio, ZonaFim) values (61, 16, '2022-08-26 13:17:03', '2022-08-26 14:04:03', 1, 5);
insert into Corrida (Id, VeiculoId, DataInicio, DataFim, ZonaInicio, ZonaFim) values (62, 13, '2022-09-09 20:21:12', '2022-09-09 22:00:12', 7, 9);
insert into Corrida (Id, VeiculoId, DataInicio, DataFim, ZonaInicio, ZonaFim) values (63, 1, '2022-11-06 19:55:26', '2022-11-06 20:17:26', 10, 5);
insert into Corrida (Id, VeiculoId, DataInicio, DataFim, ZonaInicio, ZonaFim) values (64, 3, '2022-07-02 19:20:12', '2022-07-02 21:42:12', 10, 6);
insert into Corrida (Id, VeiculoId, DataInicio, DataFim, ZonaInicio, ZonaFim) values (65, 12, '2022-08-01 17:53:38', '2022-08-01 18:23:38', 4, 4);
insert into Corrida (Id, VeiculoId, DataInicio, DataFim, ZonaInicio, ZonaFim) values (66, 4, '2022-04-20 01:21:21', '2022-04-20 03:24:21', 7, 7);
insert into Corrida (Id, VeiculoId, DataInicio, DataFim, ZonaInicio, ZonaFim) values (67, 14, '2022-09-12 16:26:23', '2022-09-12 17:15:23', 3, 9);
insert into Corrida (Id, VeiculoId, DataInicio, DataFim, ZonaInicio, ZonaFim) values (68, 3, '2022-04-02 16:03:02', '2022-04-02 18:28:02', 2, 3);
insert into Corrida (Id, VeiculoId, DataInicio, DataFim, ZonaInicio, ZonaFim) values (69, 3, '2022-04-27 05:32:59', '2022-04-27 05:50:59', 2, 5);
insert into Corrida (Id, VeiculoId, DataInicio, DataFim, ZonaInicio, ZonaFim) values (70, 18, '2022-06-23 09:38:52', '2022-06-23 10:08:52', 8, 2);
insert into Corrida (Id, VeiculoId, DataInicio, DataFim, ZonaInicio, ZonaFim) values (71, 15, '2022-07-13 18:30:23', '2022-07-13 21:29:23', 9, 5);
insert into Corrida (Id, VeiculoId, DataInicio, DataFim, ZonaInicio, ZonaFim) values (72, 13, '2022-12-21 18:27:18', '2022-12-21 20:33:18', 3, 2);
insert into Corrida (Id, VeiculoId, DataInicio, DataFim, ZonaInicio, ZonaFim) values (73, 3, '2022-12-28 23:33:27', '2022-12-29 01:09:27', 9, 2);
insert into Corrida (Id, VeiculoId, DataInicio, DataFim, ZonaInicio, ZonaFim) values (74, 8, '2021-11-30 19:56:03', '2021-11-30 20:19:03', 8, 3);
insert into Corrida (Id, VeiculoId, DataInicio, DataFim, ZonaInicio, ZonaFim) values (75, 2, '2022-10-23 02:40:49', '2022-10-23 04:51:49', 10, 6);
insert into Corrida (Id, VeiculoId, DataInicio, DataFim, ZonaInicio, ZonaFim) values (76, 2, '2022-03-06 02:16:36', '2022-03-06 03:56:36', 10, 8);
insert into Corrida (Id, VeiculoId, DataInicio, DataFim, ZonaInicio, ZonaFim) values (77, 11, '2022-09-07 03:15:48', '2022-09-07 05:30:48', 5, 9);
insert into Corrida (Id, VeiculoId, DataInicio, DataFim, ZonaInicio, ZonaFim) values (78, 20, '2022-10-27 18:26:31', '2022-10-27 19:03:31', 4, 6);
insert into Corrida (Id, VeiculoId, DataInicio, DataFim, ZonaInicio, ZonaFim) values (79, 6, '2022-02-12 20:40:08', '2022-02-12 21:41:08', 2, 5);
insert into Corrida (Id, VeiculoId, DataInicio, DataFim, ZonaInicio, ZonaFim) values (80, 15, '2022-08-22 22:57:16', '2022-08-23 00:31:16', 7, 4);
insert into Corrida (Id, VeiculoId, DataInicio, DataFim, ZonaInicio, ZonaFim) values (81, 10, '2022-01-04 21:47:48', '2022-01-04 22:13:48', 2, 6);
insert into Corrida (Id, VeiculoId, DataInicio, DataFim, ZonaInicio, ZonaFim) values (82, 11, '2022-03-19 18:03:38', '2022-03-19 19:12:38', 9, 3);
insert into Corrida (Id, VeiculoId, DataInicio, DataFim, ZonaInicio, ZonaFim) values (83, 12, '2021-12-13 01:33:36', '2021-12-13 03:00:36', 8, 8);
insert into Corrida (Id, VeiculoId, DataInicio, DataFim, ZonaInicio, ZonaFim) values (84, 8, '2021-11-08 14:19:30', '2021-11-08 17:07:30', 6, 2);
insert into Corrida (Id, VeiculoId, DataInicio, DataFim, ZonaInicio, ZonaFim) values (85, 20, '2022-03-06 13:34:31', '2022-03-06 14:31:31', 9, 3);
insert into Corrida (Id, VeiculoId, DataInicio, DataFim, ZonaInicio, ZonaFim) values (86, 11, '2022-03-23 11:33:17', '2022-03-23 11:44:17', 8, 2);
insert into Corrida (Id, VeiculoId, DataInicio, DataFim, ZonaInicio, ZonaFim) values (87, 10, '2022-03-09 18:44:07', '2022-03-09 19:25:07', 4, 2);
insert into Corrida (Id, VeiculoId, DataInicio, DataFim, ZonaInicio, ZonaFim) values (88, 6, '2022-12-15 10:02:44', '2022-12-15 12:50:44', 4, 3);
insert into Corrida (Id, VeiculoId, DataInicio, DataFim, ZonaInicio, ZonaFim) values (89, 14, '2022-03-13 23:01:33', '2022-03-14 00:53:33', 6, 2);
insert into Corrida (Id, VeiculoId, DataInicio, DataFim, ZonaInicio, ZonaFim) values (90, 20, '2022-06-04 07:43:59', '2022-06-04 07:58:59', 1, 2);
insert into Corrida (Id, VeiculoId, DataInicio, DataFim, ZonaInicio, ZonaFim) values (91, 7, '2022-05-13 10:38:21', '2022-05-13 13:34:21', 9, 6);
insert into Corrida (Id, VeiculoId, DataInicio, DataFim, ZonaInicio, ZonaFim) values (92, 19, '2022-12-12 09:29:56', '2022-12-12 11:44:56', 10, 2);
insert into Corrida (Id, VeiculoId, DataInicio, DataFim, ZonaInicio, ZonaFim) values (93, 9, '2022-04-28 17:02:37', '2022-04-28 17:10:37', 10, 9);
insert into Corrida (Id, VeiculoId, DataInicio, DataFim, ZonaInicio, ZonaFim) values (94, 16, '2022-03-08 20:18:04', '2022-03-08 20:24:04', 10, 5);
insert into Corrida (Id, VeiculoId, DataInicio, DataFim, ZonaInicio, ZonaFim) values (95, 13, '2022-12-13 01:44:33', '2022-12-13 02:58:33', 8, 6);
insert into Corrida (Id, VeiculoId, DataInicio, DataFim, ZonaInicio, ZonaFim) values (96, 9, '2021-11-02 01:07:39', '2021-11-02 02:56:39', 1, 9);
insert into Corrida (Id, VeiculoId, DataInicio, DataFim, ZonaInicio, ZonaFim) values (97, 20, '2022-05-01 11:45:23', '2022-05-01 13:23:23', 3, 8);
insert into Corrida (Id, VeiculoId, DataInicio, DataFim, ZonaInicio, ZonaFim) values (98, 2, '2021-12-24 06:03:57', '2021-12-24 07:17:57', 6, 2);
insert into Corrida (Id, VeiculoId, DataInicio, DataFim, ZonaInicio, ZonaFim) values (99, 11, '2022-07-17 18:32:27', '2022-07-17 19:19:27', 1, 5);
insert into Corrida (Id, VeiculoId, DataInicio, DataFim, ZonaInicio, ZonaFim) values (100, 5, '2022-02-28 04:24:37', '2022-02-28 07:20:37', 4, 3);
insert into Corrida (Id, VeiculoId, DataInicio, DataFim, ZonaInicio, ZonaFim) values (101, 8, '2022-11-17 09:02:14', '2022-11-17 09:08:14', 4, 8);
insert into Corrida (Id, VeiculoId, DataInicio, DataFim, ZonaInicio, ZonaFim) values (102, 9, '2022-07-06 10:58:23', '2022-07-06 12:13:23', 10, 9);
insert into Corrida (Id, VeiculoId, DataInicio, DataFim, ZonaInicio, ZonaFim) values (103, 4, '2022-10-11 20:27:21', '2022-10-11 20:46:21', 6, 4);
insert into Corrida (Id, VeiculoId, DataInicio, DataFim, ZonaInicio, ZonaFim) values (104, 4, '2021-12-22 03:12:52', '2021-12-22 03:56:52', 6, 8);
insert into Corrida (Id, VeiculoId, DataInicio, DataFim, ZonaInicio, ZonaFim) values (105, 11, '2022-10-11 14:17:45', '2022-10-11 15:08:45', 9, 5);
insert into Corrida (Id, VeiculoId, DataInicio, DataFim, ZonaInicio, ZonaFim) values (106, 8, '2022-10-12 02:02:52', '2022-10-12 02:20:52', 6, 9);
insert into Corrida (Id, VeiculoId, DataInicio, DataFim, ZonaInicio, ZonaFim) values (107, 12, '2022-01-18 07:28:11', '2022-01-18 09:15:11', 10, 10);
insert into Corrida (Id, VeiculoId, DataInicio, DataFim, ZonaInicio, ZonaFim) values (108, 3, '2022-07-21 15:51:22', '2022-07-21 16:48:22', 3, 6);
insert into Corrida (Id, VeiculoId, DataInicio, DataFim, ZonaInicio, ZonaFim) values (109, 9, '2022-06-23 02:32:44', '2022-06-23 05:25:44', 4, 4);
insert into Corrida (Id, VeiculoId, DataInicio, DataFim, ZonaInicio, ZonaFim) values (110, 7, '2022-12-25 16:42:21', '2022-12-25 17:25:21', 7, 4);
insert into Corrida (Id, VeiculoId, DataInicio, DataFim, ZonaInicio, ZonaFim) values (111, 13, '2022-06-17 08:20:15', '2022-06-17 09:15:15', 9, 2);
insert into Corrida (Id, VeiculoId, DataInicio, DataFim, ZonaInicio, ZonaFim) values (112, 8, '2022-11-08 08:51:39', '2022-11-08 10:39:39', 9, 5);
insert into Corrida (Id, VeiculoId, DataInicio, DataFim, ZonaInicio, ZonaFim) values (113, 3, '2022-06-02 14:44:11', '2022-06-02 15:26:11', 5, 9);
insert into Corrida (Id, VeiculoId, DataInicio, DataFim, ZonaInicio, ZonaFim) values (114, 14, '2022-01-24 16:34:33', '2022-01-24 17:22:33', 10, 10);
insert into Corrida (Id, VeiculoId, DataInicio, DataFim, ZonaInicio, ZonaFim) values (115, 11, '2022-01-13 15:37:20', '2022-01-13 16:29:20', 8, 1);
insert into Corrida (Id, VeiculoId, DataInicio, DataFim, ZonaInicio, ZonaFim) values (116, 21, '2021-11-01 01:35:32', '2021-11-01 01:59:32', 7, 10);
insert into Corrida (Id, VeiculoId, DataInicio, DataFim, ZonaInicio, ZonaFim) values (117, 23, '2022-08-31 21:10:17', '2022-08-31 23:40:17', 9, 7);
insert into Corrida (Id, VeiculoId, DataInicio, DataFim, ZonaInicio, ZonaFim) values (118, 21, '2022-02-25 02:36:05', '2022-02-25 04:03:05', 10, 10);
insert into Corrida (Id, VeiculoId, DataInicio, DataFim, ZonaInicio, ZonaFim) values (119, 21, '2022-03-17 04:43:44', '2022-03-17 06:46:44', 5, 2);
insert into Corrida (Id, VeiculoId, DataInicio, DataFim, ZonaInicio, ZonaFim) values (120, 22, '2022-07-06 12:35:49', '2022-07-06 12:51:49', 9, 7);
insert into Corrida (Id, VeiculoId, DataInicio, DataFim, ZonaInicio, ZonaFim) values (121, 23, '2022-02-27 16:00:25', '2022-02-27 18:42:25', 10, 3);
insert into Corrida (Id, VeiculoId, DataInicio, DataFim, ZonaInicio, ZonaFim) values (122, 17, '2022-08-25 15:42:17', '2022-08-25 16:15:17', 8, 8);
insert into Corrida (Id, VeiculoId, DataInicio, DataFim, ZonaInicio, ZonaFim) values (123, 17, '2022-04-18 12:50:25', '2022-04-18 15:07:25', 2, 7);
insert into Corrida (Id, VeiculoId, DataInicio, DataFim, ZonaInicio, ZonaFim) values (124, 17, '2022-11-06 23:15:53', '2022-11-07 00:49:53', 8, 3);
insert into Corrida (Id, VeiculoId, DataInicio, DataFim, ZonaInicio, ZonaFim) values (125, 17, '2022-03-06 15:02:30', '2022-03-06 15:23:30', 1, 6);
insert into Corrida (Id, VeiculoId, DataInicio, DataFim, ZonaInicio, ZonaFim) values (126, 21, '2022-04-22 04:26:02', '2022-04-22 06:25:02', 3, 8);
insert into Corrida (Id, VeiculoId, DataInicio, DataFim, ZonaInicio, ZonaFim) values (127, 21, '2022-03-21 04:44:16', '2022-03-21 06:17:16', 7, 4);
insert into Corrida (Id, VeiculoId, DataInicio, DataFim, ZonaInicio, ZonaFim) values (128, 21, '2022-05-10 09:28:43', '2022-05-10 11:54:43', 2, 7);
insert into Corrida (Id, VeiculoId, DataInicio, DataFim, ZonaInicio, ZonaFim) values (129, 17, '2022-09-11 07:05:01', '2022-09-11 08:43:01', 10, 7);
insert into Corrida (Id, VeiculoId, DataInicio, DataFim, ZonaInicio, ZonaFim) values (130, 22, '2022-08-10 06:34:53', '2022-08-10 08:17:53', 7, 8);
insert into Corrida (Id, VeiculoId, DataInicio, DataFim, ZonaInicio, ZonaFim) values (131, 22, '2022-01-25 00:12:57', '2022-01-25 02:40:57', 9, 6);
insert into Corrida (Id, VeiculoId, DataInicio, DataFim, ZonaInicio, ZonaFim) values (132, 23, '2022-01-14 03:25:41', '2022-01-14 04:17:41', 9, 6);
insert into Corrida (Id, VeiculoId, DataInicio, DataFim, ZonaInicio, ZonaFim) values (133, 21, '2022-09-13 06:59:21', '2022-09-13 09:32:21', 8, 3);
insert into Corrida (Id, VeiculoId, DataInicio, DataFim, ZonaInicio, ZonaFim) values (134, 21, '2022-12-25 05:50:50', '2022-12-25 08:27:50', 1, 3);
insert into Corrida (Id, VeiculoId, DataInicio, DataFim, ZonaInicio, ZonaFim) values (135, 22, '2022-07-22 12:21:55', '2022-07-22 14:57:55', 1, 10);
insert into Corrida (Id, VeiculoId, DataInicio, DataFim, ZonaInicio, ZonaFim) values (136, 21, '2022-01-26 03:05:56', '2022-01-26 03:35:56', 4, 4);
insert into Corrida (Id, VeiculoId, DataInicio, DataFim, ZonaInicio, ZonaFim) values (137, 22, '2021-12-04 10:43:51', '2021-12-04 11:33:51', 4, 7);
insert into Corrida (Id, VeiculoId, DataInicio, DataFim, ZonaInicio, ZonaFim) values (138, 22, '2022-01-21 00:34:43', '2022-01-21 03:33:43', 5, 9);
insert into Corrida (Id, VeiculoId, DataInicio, DataFim, ZonaInicio, ZonaFim) values (139, 23, '2022-09-09 02:37:05', '2022-09-09 03:30:05', 8, 10);
insert into Corrida (Id, VeiculoId, DataInicio, DataFim, ZonaInicio, ZonaFim) values (140, 17, '2022-08-29 11:00:45', '2022-08-29 13:09:45', 8, 2);
insert into Corrida (Id, VeiculoId, DataInicio, DataFim, ZonaInicio, ZonaFim) values (141, 22, '2022-12-25 22:59:36', '2022-12-26 01:15:36', 5, 8);
insert into Corrida (Id, VeiculoId, DataInicio, DataFim, ZonaInicio, ZonaFim) values (142, 22, '2021-12-08 06:13:54', '2021-12-08 06:16:54', 8, 10);
insert into Corrida (Id, VeiculoId, DataInicio, DataFim, ZonaInicio, ZonaFim) values (143, 22, '2022-10-25 18:05:07', '2022-10-25 20:57:07', 5, 6);
insert into Corrida (Id, VeiculoId, DataInicio, DataFim, ZonaInicio, ZonaFim) values (144, 21, '2022-05-04 20:05:54', '2022-05-04 20:56:54', 6, 1);
insert into Corrida (Id, VeiculoId, DataInicio, DataFim, ZonaInicio, ZonaFim) values (145, 21, '2022-05-06 02:48:09', '2022-05-06 05:37:09', 1, 1);
insert into Corrida (Id, VeiculoId, DataInicio, DataFim, ZonaInicio, ZonaFim) values (146, 17, '2022-06-07 07:36:44', '2022-06-07 10:10:44', 5, 1);
insert into Corrida (Id, VeiculoId, DataInicio, DataFim, ZonaInicio, ZonaFim) values (147, 22, '2022-05-24 02:18:04', '2022-05-24 03:57:04', 7, 8);
insert into Corrida (Id, VeiculoId, DataInicio, DataFim, ZonaInicio, ZonaFim) values (148, 22, '2022-06-28 07:35:35', '2022-06-28 10:11:35', 3, 2);
insert into Corrida (Id, VeiculoId, DataInicio, DataFim, ZonaInicio, ZonaFim) values (149, 17, '2021-11-17 04:20:20', '2021-11-17 04:33:20', 10, 6);
insert into Corrida (Id, VeiculoId, DataInicio, DataFim, ZonaInicio, ZonaFim) values (150, 22, '2022-01-05 02:31:48', '2022-01-05 04:36:48', 3, 3);
insert into Corrida (Id, VeiculoId, DataInicio, DataFim, ZonaInicio, ZonaFim) values (151, 22, '2022-05-16 01:24:18', '2022-05-16 02:57:18', 5, 1);
insert into Corrida (Id, VeiculoId, DataInicio, DataFim, ZonaInicio, ZonaFim) values (152, 17, '2022-10-15 02:11:46', '2022-10-15 04:57:46', 2, 3);
insert into Corrida (Id, VeiculoId, DataInicio, DataFim, ZonaInicio, ZonaFim) values (153, 22, '2021-11-14 17:17:25', '2021-11-14 17:20:25', 2, 3);
insert into Corrida (Id, VeiculoId, DataInicio, DataFim, ZonaInicio, ZonaFim) values (154, 17, '2022-11-10 06:03:31', '2022-11-10 06:20:31', 8, 6);
insert into Corrida (Id, VeiculoId, DataInicio, DataFim, ZonaInicio, ZonaFim) values (155, 21, '2022-05-16 18:04:48', '2022-05-16 20:32:48', 1, 10);
insert into Corrida (Id, VeiculoId, DataInicio, DataFim, ZonaInicio, ZonaFim) values (156, 23, '2022-09-13 03:28:52', '2022-09-13 06:12:52', 3, 9);
insert into Corrida (Id, VeiculoId, DataInicio, DataFim, ZonaInicio, ZonaFim) values (157, 21, '2022-06-09 19:42:30', '2022-06-09 19:52:30', 7, 8);
insert into Corrida (Id, VeiculoId, DataInicio, DataFim, ZonaInicio, ZonaFim) values (158, 17, '2021-11-27 08:36:31', '2021-11-27 08:56:31', 9, 2);
insert into Corrida (Id, VeiculoId, DataInicio, DataFim, ZonaInicio, ZonaFim) values (159, 17, '2022-12-09 21:26:06', '2022-12-09 21:27:06', 3, 5);
insert into Corrida (Id, VeiculoId, DataInicio, DataFim, ZonaInicio, ZonaFim) values (160, 17, '2022-06-05 23:53:36', '2022-06-06 00:36:36', 9, 7);
insert into Corrida (Id, VeiculoId, DataInicio, DataFim, ZonaInicio, ZonaFim) values (161, 22, '2021-11-24 15:02:50', '2021-11-24 16:32:50', 9, 4);
insert into Corrida (Id, VeiculoId, DataInicio, DataFim, ZonaInicio, ZonaFim) values (162, 23, '2022-09-26 20:34:41', '2022-09-26 22:21:41', 1, 6);
insert into Corrida (Id, VeiculoId, DataInicio, DataFim, ZonaInicio, ZonaFim) values (163, 23, '2021-12-02 20:47:59', '2021-12-02 22:35:59', 9, 1);
insert into Corrida (Id, VeiculoId, DataInicio, DataFim, ZonaInicio, ZonaFim) values (164, 17, '2022-10-08 15:45:48', '2022-10-08 17:51:48', 5, 2);
insert into Corrida (Id, VeiculoId, DataInicio, DataFim, ZonaInicio, ZonaFim) values (165, 21, '2021-12-24 02:08:03', '2021-12-24 02:22:03', 6, 4);
insert into Corrida (Id, VeiculoId, DataInicio, DataFim, ZonaInicio, ZonaFim) values (166, 22, '2022-11-21 10:08:16', '2022-11-21 11:46:16', 7, 4);
insert into Corrida (Id, VeiculoId, DataInicio, DataFim, ZonaInicio, ZonaFim) values (167, 22, '2022-12-13 16:17:55', '2022-12-13 16:21:55', 3, 4);
insert into Corrida (Id, VeiculoId, DataInicio, DataFim, ZonaInicio, ZonaFim) values (168, 21, '2022-01-20 17:54:24', '2022-01-20 20:25:24', 3, 8);
insert into Corrida (Id, VeiculoId, DataInicio, DataFim, ZonaInicio, ZonaFim) values (169, 22, '2022-02-05 10:33:27', '2022-02-05 10:37:27', 6, 5);
insert into Corrida (Id, VeiculoId, DataInicio, DataFim, ZonaInicio, ZonaFim) values (170, 21, '2022-04-18 02:10:22', '2022-04-18 04:06:22', 10, 7);
insert into Corrida (Id, VeiculoId, DataInicio, DataFim, ZonaInicio, ZonaFim) values (171, 21, '2021-12-13 11:21:42', '2021-12-13 13:39:42', 2, 3);
insert into Corrida (Id, VeiculoId, DataInicio, DataFim, ZonaInicio, ZonaFim) values (172, 17, '2022-08-08 15:03:54', '2022-08-08 17:36:54', 1, 1);
insert into Corrida (Id, VeiculoId, DataInicio, DataFim, ZonaInicio, ZonaFim) values (173, 22, '2022-10-10 01:41:03', '2022-10-10 01:49:03', 10, 1);
insert into Corrida (Id, VeiculoId, DataInicio, DataFim, ZonaInicio, ZonaFim) values (174, 17, '2022-10-13 16:55:35', '2022-10-13 19:11:35', 5, 3);
insert into Corrida (Id, VeiculoId, DataInicio, DataFim, ZonaInicio, ZonaFim) values (175, 21, '2022-04-22 12:35:06', '2022-04-22 14:04:06', 1, 3);
insert into Corrida (Id, VeiculoId, DataInicio, DataFim, ZonaInicio, ZonaFim) values (176, 22, '2022-12-27 02:18:23', '2022-12-27 03:21:23', 9, 4);
insert into Corrida (Id, VeiculoId, DataInicio, DataFim, ZonaInicio, ZonaFim) values (177, 22, '2022-02-20 19:59:53', '2022-02-20 21:10:53', 10, 9);
insert into Corrida (Id, VeiculoId, DataInicio, DataFim, ZonaInicio, ZonaFim) values (178, 22, '2022-01-15 20:12:15', '2022-01-15 20:36:15', 10, 1);
insert into Corrida (Id, VeiculoId, DataInicio, DataFim, ZonaInicio, ZonaFim) values (179, 23, '2022-09-27 11:40:50', '2022-09-27 12:28:50', 7, 4);
insert into Corrida (Id, VeiculoId, DataInicio, DataFim, ZonaInicio, ZonaFim) values (180, 21, '2022-02-15 04:10:25', '2022-02-15 05:43:25', 6, 7);
insert into Corrida (Id, VeiculoId, DataInicio, DataFim, ZonaInicio, ZonaFim) values (181, 21, '2022-11-17 01:02:01', '2022-11-17 02:10:01', 7, 9);
insert into Corrida (Id, VeiculoId, DataInicio, DataFim, ZonaInicio, ZonaFim) values (182, 21, '2022-10-16 09:28:18', '2022-10-16 11:51:18', 6, 8);
insert into Corrida (Id, VeiculoId, DataInicio, DataFim, ZonaInicio, ZonaFim) values (183, 22, '2022-07-22 05:09:17', '2022-07-22 05:22:17', 6, 7);
insert into Corrida (Id, VeiculoId, DataInicio, DataFim, ZonaInicio, ZonaFim) values (184, 23, '2022-08-03 01:29:49', '2022-08-03 02:45:49', 1, 7);
insert into Corrida (Id, VeiculoId, DataInicio, DataFim, ZonaInicio, ZonaFim) values (185, 21, '2022-11-03 08:51:08', '2022-11-03 08:54:08', 9, 5);
insert into Corrida (Id, VeiculoId, DataInicio, DataFim, ZonaInicio, ZonaFim) values (186, 23, '2022-11-13 15:10:43', '2022-11-13 15:46:43', 5, 9);
insert into Corrida (Id, VeiculoId, DataInicio, DataFim, ZonaInicio, ZonaFim) values (187, 21, '2022-01-28 12:55:22', '2022-01-28 15:11:22', 7, 1);
insert into Corrida (Id, VeiculoId, DataInicio, DataFim, ZonaInicio, ZonaFim) values (188, 23, '2022-03-17 10:34:03', '2022-03-17 11:40:03', 2, 10);
insert into Corrida (Id, VeiculoId, DataInicio, DataFim, ZonaInicio, ZonaFim) values (189, 22, '2022-02-23 23:17:24', '2022-02-24 02:07:24', 5, 5);
insert into Corrida (Id, VeiculoId, DataInicio, DataFim, ZonaInicio, ZonaFim) values (190, 23, '2022-04-20 11:50:11', '2022-04-20 13:33:11', 8, 10);
insert into Corrida (Id, VeiculoId, DataInicio, DataFim, ZonaInicio, ZonaFim) values (191, 21, '2021-12-30 06:06:00', '2021-12-30 08:56:00', 3, 2);
insert into Corrida (Id, VeiculoId, DataInicio, DataFim, ZonaInicio, ZonaFim) values (192, 23, '2022-08-19 20:30:46', '2022-08-19 23:19:46', 8, 1);
insert into Corrida (Id, VeiculoId, DataInicio, DataFim, ZonaInicio, ZonaFim) values (193, 23, '2022-08-26 21:28:46', '2022-08-26 23:27:46', 9, 4);
insert into Corrida (Id, VeiculoId, DataInicio, DataFim, ZonaInicio, ZonaFim) values (194, 22, '2021-11-12 14:33:41', '2021-11-12 17:21:41', 7, 7);
insert into Corrida (Id, VeiculoId, DataInicio, DataFim, ZonaInicio, ZonaFim) values (195, 21, '2022-05-22 22:39:20', '2022-05-23 01:31:20', 6, 2);

--TipoAlunoCorrida
insert into TipoAlunoCorrida (Id, Nome) values (1,'Motorista')
insert into TipoAlunoCorrida (Id, Nome) values (2,'Carona')

--CorridaAluno
insert into CorridaAluno (CorridaId, NumeroAluno, Tipo) values (16, 22, 2);
insert into CorridaAluno (CorridaId, NumeroAluno, Tipo) values (17, 6, 2);
insert into CorridaAluno (CorridaId, NumeroAluno, Tipo) values (18, 5, 1);
insert into CorridaAluno (CorridaId, NumeroAluno, Tipo) values (19, 18, 2);
insert into CorridaAluno (CorridaId, NumeroAluno, Tipo) values (20, 10, 1);
insert into CorridaAluno (CorridaId, NumeroAluno, Tipo) values (21, 27, 1);
insert into CorridaAluno (CorridaId, NumeroAluno, Tipo) values (22, 22, 2);
insert into CorridaAluno (CorridaId, NumeroAluno, Tipo) values (23, 2, 1);
insert into CorridaAluno (CorridaId, NumeroAluno, Tipo) values (24, 24, 2);
insert into CorridaAluno (CorridaId, NumeroAluno, Tipo) values (25, 9, 2);
insert into CorridaAluno (CorridaId, NumeroAluno, Tipo) values (26, 6, 1);
insert into CorridaAluno (CorridaId, NumeroAluno, Tipo) values (27, 4, 2);
insert into CorridaAluno (CorridaId, NumeroAluno, Tipo) values (28, 16, 2);
insert into CorridaAluno (CorridaId, NumeroAluno, Tipo) values (29, 9, 2);
insert into CorridaAluno (CorridaId, NumeroAluno, Tipo) values (30, 6, 2);
insert into CorridaAluno (CorridaId, NumeroAluno, Tipo) values (31, 13, 2);
insert into CorridaAluno (CorridaId, NumeroAluno, Tipo) values (32, 25, 1);
insert into CorridaAluno (CorridaId, NumeroAluno, Tipo) values (33, 2, 1);
insert into CorridaAluno (CorridaId, NumeroAluno, Tipo) values (34, 23, 2);
insert into CorridaAluno (CorridaId, NumeroAluno, Tipo) values (35, 23, 2);
insert into CorridaAluno (CorridaId, NumeroAluno, Tipo) values (36, 12, 2);
insert into CorridaAluno (CorridaId, NumeroAluno, Tipo) values (37, 1, 1);
insert into CorridaAluno (CorridaId, NumeroAluno, Tipo) values (38, 16, 2);
insert into CorridaAluno (CorridaId, NumeroAluno, Tipo) values (39, 26, 1);
insert into CorridaAluno (CorridaId, NumeroAluno, Tipo) values (40, 18, 2);
insert into CorridaAluno (CorridaId, NumeroAluno, Tipo) values (41, 1, 1);
insert into CorridaAluno (CorridaId, NumeroAluno, Tipo) values (42, 11, 2);
insert into CorridaAluno (CorridaId, NumeroAluno, Tipo) values (43, 10, 2);
insert into CorridaAluno (CorridaId, NumeroAluno, Tipo) values (44, 22, 2);
insert into CorridaAluno (CorridaId, NumeroAluno, Tipo) values (45, 18, 2);
insert into CorridaAluno (CorridaId, NumeroAluno, Tipo) values (46, 2, 2);
insert into CorridaAluno (CorridaId, NumeroAluno, Tipo) values (47, 26, 1);
insert into CorridaAluno (CorridaId, NumeroAluno, Tipo) values (48, 5, 2);
insert into CorridaAluno (CorridaId, NumeroAluno, Tipo) values (49, 22, 1);
insert into CorridaAluno (CorridaId, NumeroAluno, Tipo) values (50, 10, 1);
insert into CorridaAluno (CorridaId, NumeroAluno, Tipo) values (51, 27, 2);
insert into CorridaAluno (CorridaId, NumeroAluno, Tipo) values (52, 29, 1);
insert into CorridaAluno (CorridaId, NumeroAluno, Tipo) values (53, 2, 1);
insert into CorridaAluno (CorridaId, NumeroAluno, Tipo) values (54, 4, 2);
insert into CorridaAluno (CorridaId, NumeroAluno, Tipo) values (55, 22, 2);
insert into CorridaAluno (CorridaId, NumeroAluno, Tipo) values (56, 21, 1);
insert into CorridaAluno (CorridaId, NumeroAluno, Tipo) values (57, 4, 1);
insert into CorridaAluno (CorridaId, NumeroAluno, Tipo) values (58, 14, 1);
insert into CorridaAluno (CorridaId, NumeroAluno, Tipo) values (59, 22, 1);
insert into CorridaAluno (CorridaId, NumeroAluno, Tipo) values (60, 29, 1);
insert into CorridaAluno (CorridaId, NumeroAluno, Tipo) values (61, 3, 2);
insert into CorridaAluno (CorridaId, NumeroAluno, Tipo) values (62, 18, 2);
insert into CorridaAluno (CorridaId, NumeroAluno, Tipo) values (63, 29, 2);
insert into CorridaAluno (CorridaId, NumeroAluno, Tipo) values (64, 4, 1);
insert into CorridaAluno (CorridaId, NumeroAluno, Tipo) values (65, 24, 2);
insert into CorridaAluno (CorridaId, NumeroAluno, Tipo) values (66, 21, 2);
insert into CorridaAluno (CorridaId, NumeroAluno, Tipo) values (67, 28, 1);
insert into CorridaAluno (CorridaId, NumeroAluno, Tipo) values (68, 19, 2);
insert into CorridaAluno (CorridaId, NumeroAluno, Tipo) values (69, 1, 2);
insert into CorridaAluno (CorridaId, NumeroAluno, Tipo) values (70, 5, 2);
insert into CorridaAluno (CorridaId, NumeroAluno, Tipo) values (71, 2, 1);
insert into CorridaAluno (CorridaId, NumeroAluno, Tipo) values (72, 5, 2);
insert into CorridaAluno (CorridaId, NumeroAluno, Tipo) values (73, 27, 1);
insert into CorridaAluno (CorridaId, NumeroAluno, Tipo) values (74, 28, 1);
insert into CorridaAluno (CorridaId, NumeroAluno, Tipo) values (75, 24, 1);
insert into CorridaAluno (CorridaId, NumeroAluno, Tipo) values (76, 25, 2);
insert into CorridaAluno (CorridaId, NumeroAluno, Tipo) values (77, 6, 2);
insert into CorridaAluno (CorridaId, NumeroAluno, Tipo) values (78, 8, 2);
insert into CorridaAluno (CorridaId, NumeroAluno, Tipo) values (79, 18, 2);
insert into CorridaAluno (CorridaId, NumeroAluno, Tipo) values (80, 29, 1);
insert into CorridaAluno (CorridaId, NumeroAluno, Tipo) values (81, 6, 2);
insert into CorridaAluno (CorridaId, NumeroAluno, Tipo) values (82, 10, 2);
insert into CorridaAluno (CorridaId, NumeroAluno, Tipo) values (83, 1, 2);
insert into CorridaAluno (CorridaId, NumeroAluno, Tipo) values (84, 11, 2);
insert into CorridaAluno (CorridaId, NumeroAluno, Tipo) values (85, 20, 2);
insert into CorridaAluno (CorridaId, NumeroAluno, Tipo) values (86, 22, 2);
insert into CorridaAluno (CorridaId, NumeroAluno, Tipo) values (87, 24, 1);
insert into CorridaAluno (CorridaId, NumeroAluno, Tipo) values (88, 24, 2);
insert into CorridaAluno (CorridaId, NumeroAluno, Tipo) values (89, 3, 2);
insert into CorridaAluno (CorridaId, NumeroAluno, Tipo) values (90, 2, 2);
insert into CorridaAluno (CorridaId, NumeroAluno, Tipo) values (91, 2, 1);
insert into CorridaAluno (CorridaId, NumeroAluno, Tipo) values (92, 26, 1);
insert into CorridaAluno (CorridaId, NumeroAluno, Tipo) values (93, 2, 1);
insert into CorridaAluno (CorridaId, NumeroAluno, Tipo) values (94, 18, 1);
insert into CorridaAluno (CorridaId, NumeroAluno, Tipo) values (95, 19, 1);
insert into CorridaAluno (CorridaId, NumeroAluno, Tipo) values (96, 2, 2);
insert into CorridaAluno (CorridaId, NumeroAluno, Tipo) values (97, 14, 2);
insert into CorridaAluno (CorridaId, NumeroAluno, Tipo) values (98, 24, 1);
insert into CorridaAluno (CorridaId, NumeroAluno, Tipo) values (99, 10, 2);
insert into CorridaAluno (CorridaId, NumeroAluno, Tipo) values (100, 15, 2);
insert into CorridaAluno (CorridaId, NumeroAluno, Tipo) values (101, 13, 2);
insert into CorridaAluno (CorridaId, NumeroAluno, Tipo) values (102, 17, 1);
insert into CorridaAluno (CorridaId, NumeroAluno, Tipo) values (103, 15, 2);
insert into CorridaAluno (CorridaId, NumeroAluno, Tipo) values (104, 25, 2);
insert into CorridaAluno (CorridaId, NumeroAluno, Tipo) values (105, 9, 1);
insert into CorridaAluno (CorridaId, NumeroAluno, Tipo) values (106, 11, 2);
insert into CorridaAluno (CorridaId, NumeroAluno, Tipo) values (107, 13, 1);
insert into CorridaAluno (CorridaId, NumeroAluno, Tipo) values (108, 15, 2);
insert into CorridaAluno (CorridaId, NumeroAluno, Tipo) values (109, 23, 1);
insert into CorridaAluno (CorridaId, NumeroAluno, Tipo) values (110, 16, 1);
insert into CorridaAluno (CorridaId, NumeroAluno, Tipo) values (111, 29, 1);
insert into CorridaAluno (CorridaId, NumeroAluno, Tipo) values (112, 28, 2);
insert into CorridaAluno (CorridaId, NumeroAluno, Tipo) values (113, 12, 2);
insert into CorridaAluno (CorridaId, NumeroAluno, Tipo) values (114, 29, 2);
insert into CorridaAluno (CorridaId, NumeroAluno, Tipo) values (115, 2, 2);
insert into CorridaAluno (CorridaId, NumeroAluno, Tipo) values (116, 20, 2);
insert into CorridaAluno (CorridaId, NumeroAluno, Tipo) values (117, 23, 1);
insert into CorridaAluno (CorridaId, NumeroAluno, Tipo) values (118, 23, 1);
insert into CorridaAluno (CorridaId, NumeroAluno, Tipo) values (119, 7, 2);
insert into CorridaAluno (CorridaId, NumeroAluno, Tipo) values (120, 20, 2);
insert into CorridaAluno (CorridaId, NumeroAluno, Tipo) values (121, 17, 2);
insert into CorridaAluno (CorridaId, NumeroAluno, Tipo) values (122, 7, 2);
insert into CorridaAluno (CorridaId, NumeroAluno, Tipo) values (123, 14, 1);
insert into CorridaAluno (CorridaId, NumeroAluno, Tipo) values (124, 28, 1);
insert into CorridaAluno (CorridaId, NumeroAluno, Tipo) values (125, 21, 2);
insert into CorridaAluno (CorridaId, NumeroAluno, Tipo) values (126, 8, 2);
insert into CorridaAluno (CorridaId, NumeroAluno, Tipo) values (127, 5, 2);
insert into CorridaAluno (CorridaId, NumeroAluno, Tipo) values (128, 14, 2);
insert into CorridaAluno (CorridaId, NumeroAluno, Tipo) values (129, 2, 1);
insert into CorridaAluno (CorridaId, NumeroAluno, Tipo) values (130, 2, 2);
insert into CorridaAluno (CorridaId, NumeroAluno, Tipo) values (131, 3, 2);
insert into CorridaAluno (CorridaId, NumeroAluno, Tipo) values (132, 13, 2);
insert into CorridaAluno (CorridaId, NumeroAluno, Tipo) values (133, 7, 2);
insert into CorridaAluno (CorridaId, NumeroAluno, Tipo) values (134, 18, 1);
insert into CorridaAluno (CorridaId, NumeroAluno, Tipo) values (135, 28, 1);
insert into CorridaAluno (CorridaId, NumeroAluno, Tipo) values (136, 10, 1);
insert into CorridaAluno (CorridaId, NumeroAluno, Tipo) values (137, 7, 2);
insert into CorridaAluno (CorridaId, NumeroAluno, Tipo) values (138, 12, 2);
insert into CorridaAluno (CorridaId, NumeroAluno, Tipo) values (139, 29, 2);
insert into CorridaAluno (CorridaId, NumeroAluno, Tipo) values (140, 29, 1);
insert into CorridaAluno (CorridaId, NumeroAluno, Tipo) values (141, 17, 1);
insert into CorridaAluno (CorridaId, NumeroAluno, Tipo) values (142, 15, 2);
insert into CorridaAluno (CorridaId, NumeroAluno, Tipo) values (143, 15, 2);
insert into CorridaAluno (CorridaId, NumeroAluno, Tipo) values (144, 9, 2);
insert into CorridaAluno (CorridaId, NumeroAluno, Tipo) values (145, 2, 2);
insert into CorridaAluno (CorridaId, NumeroAluno, Tipo) values (146, 9, 1);
insert into CorridaAluno (CorridaId, NumeroAluno, Tipo) values (147, 2, 1);
insert into CorridaAluno (CorridaId, NumeroAluno, Tipo) values (148, 13, 1);
insert into CorridaAluno (CorridaId, NumeroAluno, Tipo) values (149, 30, 2);
insert into CorridaAluno (CorridaId, NumeroAluno, Tipo) values (150, 3, 1);
insert into CorridaAluno (CorridaId, NumeroAluno, Tipo) values (151, 5, 2);
insert into CorridaAluno (CorridaId, NumeroAluno, Tipo) values (152, 22, 1);
insert into CorridaAluno (CorridaId, NumeroAluno, Tipo) values (153, 10, 1);
insert into CorridaAluno (CorridaId, NumeroAluno, Tipo) values (154, 13, 2);
insert into CorridaAluno (CorridaId, NumeroAluno, Tipo) values (155, 3, 1);
insert into CorridaAluno (CorridaId, NumeroAluno, Tipo) values (156, 23, 1);
insert into CorridaAluno (CorridaId, NumeroAluno, Tipo) values (157, 6, 1);
insert into CorridaAluno (CorridaId, NumeroAluno, Tipo) values (158, 5, 1);
insert into CorridaAluno (CorridaId, NumeroAluno, Tipo) values (159, 2, 1);
insert into CorridaAluno (CorridaId, NumeroAluno, Tipo) values (160, 28, 1);
insert into CorridaAluno (CorridaId, NumeroAluno, Tipo) values (161, 24, 1);
insert into CorridaAluno (CorridaId, NumeroAluno, Tipo) values (162, 24, 2);
insert into CorridaAluno (CorridaId, NumeroAluno, Tipo) values (163, 16, 2);
insert into CorridaAluno (CorridaId, NumeroAluno, Tipo) values (164, 12, 2);
insert into CorridaAluno (CorridaId, NumeroAluno, Tipo) values (165, 26, 2);
insert into CorridaAluno (CorridaId, NumeroAluno, Tipo) values (166, 24, 2);
insert into CorridaAluno (CorridaId, NumeroAluno, Tipo) values (167, 7, 2);
insert into CorridaAluno (CorridaId, NumeroAluno, Tipo) values (168, 7, 1);
insert into CorridaAluno (CorridaId, NumeroAluno, Tipo) values (169, 6, 1);
insert into CorridaAluno (CorridaId, NumeroAluno, Tipo) values (170, 21, 2);
insert into CorridaAluno (CorridaId, NumeroAluno, Tipo) values (171, 28, 2);
insert into CorridaAluno (CorridaId, NumeroAluno, Tipo) values (172, 16, 1);
insert into CorridaAluno (CorridaId, NumeroAluno, Tipo) values (173, 21, 1);
insert into CorridaAluno (CorridaId, NumeroAluno, Tipo) values (174, 27, 1);
insert into CorridaAluno (CorridaId, NumeroAluno, Tipo) values (175, 14, 1);
insert into CorridaAluno (CorridaId, NumeroAluno, Tipo) values (176, 17, 1);
insert into CorridaAluno (CorridaId, NumeroAluno, Tipo) values (177, 1, 2);
insert into CorridaAluno (CorridaId, NumeroAluno, Tipo) values (178, 19, 1);
insert into CorridaAluno (CorridaId, NumeroAluno, Tipo) values (179, 19, 1);
insert into CorridaAluno (CorridaId, NumeroAluno, Tipo) values (180, 30, 1);
insert into CorridaAluno (CorridaId, NumeroAluno, Tipo) values (181, 21, 1);
insert into CorridaAluno (CorridaId, NumeroAluno, Tipo) values (182, 4, 2);
insert into CorridaAluno (CorridaId, NumeroAluno, Tipo) values (183, 16, 2);
insert into CorridaAluno (CorridaId, NumeroAluno, Tipo) values (184, 19, 2);
insert into CorridaAluno (CorridaId, NumeroAluno, Tipo) values (185, 6, 1);
insert into CorridaAluno (CorridaId, NumeroAluno, Tipo) values (186, 17, 1);
insert into CorridaAluno (CorridaId, NumeroAluno, Tipo) values (187, 6, 2);
insert into CorridaAluno (CorridaId, NumeroAluno, Tipo) values (188, 13, 2);
insert into CorridaAluno (CorridaId, NumeroAluno, Tipo) values (189, 17, 1);
insert into CorridaAluno (CorridaId, NumeroAluno, Tipo) values (190, 22, 2);
insert into CorridaAluno (CorridaId, NumeroAluno, Tipo) values (191, 2, 2);
insert into CorridaAluno (CorridaId, NumeroAluno, Tipo) values (192, 27, 2);
insert into CorridaAluno (CorridaId, NumeroAluno, Tipo) values (193, 28, 2);
insert into CorridaAluno (CorridaId, NumeroAluno, Tipo) values (194, 24, 2);
insert into CorridaAluno (CorridaId, NumeroAluno, Tipo) values (195, 22, 1);
insert into CorridaAluno (CorridaId, NumeroAluno, Tipo) values (16, 16, 1);
insert into CorridaAluno (CorridaId, NumeroAluno, Tipo) values (17, 7, 1);
insert into CorridaAluno (CorridaId, NumeroAluno, Tipo) values (18, 20, 1);
insert into CorridaAluno (CorridaId, NumeroAluno, Tipo) values (19, 2, 2);
insert into CorridaAluno (CorridaId, NumeroAluno, Tipo) values (20, 16, 2);
insert into CorridaAluno (CorridaId, NumeroAluno, Tipo) values (21, 13, 1);
insert into CorridaAluno (CorridaId, NumeroAluno, Tipo) values (22, 5, 1);
insert into CorridaAluno (CorridaId, NumeroAluno, Tipo) values (23, 25, 1);
insert into CorridaAluno (CorridaId, NumeroAluno, Tipo) values (24, 13, 2);
insert into CorridaAluno (CorridaId, NumeroAluno, Tipo) values (25, 27, 1);
insert into CorridaAluno (CorridaId, NumeroAluno, Tipo) values (26, 28, 1);
insert into CorridaAluno (CorridaId, NumeroAluno, Tipo) values (27, 2, 2);
insert into CorridaAluno (CorridaId, NumeroAluno, Tipo) values (28, 29, 2);
insert into CorridaAluno (CorridaId, NumeroAluno, Tipo) values (29, 15, 1);
insert into CorridaAluno (CorridaId, NumeroAluno, Tipo) values (30, 1, 2);
insert into CorridaAluno (CorridaId, NumeroAluno, Tipo) values (31, 23, 2);
insert into CorridaAluno (CorridaId, NumeroAluno, Tipo) values (32, 15, 1);
insert into CorridaAluno (CorridaId, NumeroAluno, Tipo) values (33, 16, 1);
insert into CorridaAluno (CorridaId, NumeroAluno, Tipo) values (34, 30, 1);
insert into CorridaAluno (CorridaId, NumeroAluno, Tipo) values (35, 18, 2);
insert into CorridaAluno (CorridaId, NumeroAluno, Tipo) values (36, 25, 2);
insert into CorridaAluno (CorridaId, NumeroAluno, Tipo) values (37, 2, 1);
insert into CorridaAluno (CorridaId, NumeroAluno, Tipo) values (38, 18, 1);
insert into CorridaAluno (CorridaId, NumeroAluno, Tipo) values (39, 3, 2);
insert into CorridaAluno (CorridaId, NumeroAluno, Tipo) values (40, 21, 2);
insert into CorridaAluno (CorridaId, NumeroAluno, Tipo) values (41, 27, 1);
insert into CorridaAluno (CorridaId, NumeroAluno, Tipo) values (42, 8, 2);
insert into CorridaAluno (CorridaId, NumeroAluno, Tipo) values (43, 15, 1);
insert into CorridaAluno (CorridaId, NumeroAluno, Tipo) values (44, 15, 2);
insert into CorridaAluno (CorridaId, NumeroAluno, Tipo) values (45, 26, 2);
insert into CorridaAluno (CorridaId, NumeroAluno, Tipo) values (46, 12, 2);
insert into CorridaAluno (CorridaId, NumeroAluno, Tipo) values (47, 9, 2);
insert into CorridaAluno (CorridaId, NumeroAluno, Tipo) values (48, 1, 2);
insert into CorridaAluno (CorridaId, NumeroAluno, Tipo) values (49, 24, 2);
insert into CorridaAluno (CorridaId, NumeroAluno, Tipo) values (50, 29, 2);
insert into CorridaAluno (CorridaId, NumeroAluno, Tipo) values (51, 28, 1);
insert into CorridaAluno (CorridaId, NumeroAluno, Tipo) values (52, 4, 2);
insert into CorridaAluno (CorridaId, NumeroAluno, Tipo) values (53, 15, 1);
insert into CorridaAluno (CorridaId, NumeroAluno, Tipo) values (54, 11, 1);
insert into CorridaAluno (CorridaId, NumeroAluno, Tipo) values (55, 1, 2);
insert into CorridaAluno (CorridaId, NumeroAluno, Tipo) values (56, 5, 2);
insert into CorridaAluno (CorridaId, NumeroAluno, Tipo) values (57, 15, 1);
insert into CorridaAluno (CorridaId, NumeroAluno, Tipo) values (58, 25, 1);
insert into CorridaAluno (CorridaId, NumeroAluno, Tipo) values (59, 27, 2);
insert into CorridaAluno (CorridaId, NumeroAluno, Tipo) values (60, 24, 2);
insert into CorridaAluno (CorridaId, NumeroAluno, Tipo) values (61, 24, 1);
insert into CorridaAluno (CorridaId, NumeroAluno, Tipo) values (62, 17, 1);
insert into CorridaAluno (CorridaId, NumeroAluno, Tipo) values (63, 20, 1);
insert into CorridaAluno (CorridaId, NumeroAluno, Tipo) values (64, 12, 1);
insert into CorridaAluno (CorridaId, NumeroAluno, Tipo) values (65, 15, 1);
insert into CorridaAluno (CorridaId, NumeroAluno, Tipo) values (66, 28, 1);
insert into CorridaAluno (CorridaId, NumeroAluno, Tipo) values (67, 20, 1);
insert into CorridaAluno (CorridaId, NumeroAluno, Tipo) values (68, 20, 1);
insert into CorridaAluno (CorridaId, NumeroAluno, Tipo) values (69, 24, 2);
insert into CorridaAluno (CorridaId, NumeroAluno, Tipo) values (70, 14, 2);
insert into CorridaAluno (CorridaId, NumeroAluno, Tipo) values (71, 24, 1);
insert into CorridaAluno (CorridaId, NumeroAluno, Tipo) values (72, 11, 1);
insert into CorridaAluno (CorridaId, NumeroAluno, Tipo) values (73, 23, 2);
insert into CorridaAluno (CorridaId, NumeroAluno, Tipo) values (74, 14, 1);
insert into CorridaAluno (CorridaId, NumeroAluno, Tipo) values (75, 5, 1);
insert into CorridaAluno (CorridaId, NumeroAluno, Tipo) values (76, 28, 1);
insert into CorridaAluno (CorridaId, NumeroAluno, Tipo) values (77, 10, 2);
insert into CorridaAluno (CorridaId, NumeroAluno, Tipo) values (78, 5, 1);
insert into CorridaAluno (CorridaId, NumeroAluno, Tipo) values (79, 27, 2);
insert into CorridaAluno (CorridaId, NumeroAluno, Tipo) values (80, 18, 1);
insert into CorridaAluno (CorridaId, NumeroAluno, Tipo) values (81, 27, 2);
insert into CorridaAluno (CorridaId, NumeroAluno, Tipo) values (82, 11, 1);
insert into CorridaAluno (CorridaId, NumeroAluno, Tipo) values (83, 13, 1);
insert into CorridaAluno (CorridaId, NumeroAluno, Tipo) values (84, 29, 2);
insert into CorridaAluno (CorridaId, NumeroAluno, Tipo) values (85, 26, 1);
insert into CorridaAluno (CorridaId, NumeroAluno, Tipo) values (86, 28, 2);
insert into CorridaAluno (CorridaId, NumeroAluno, Tipo) values (87, 12, 2);
insert into CorridaAluno (CorridaId, NumeroAluno, Tipo) values (88, 2, 2);
insert into CorridaAluno (CorridaId, NumeroAluno, Tipo) values (89, 19, 1);
insert into CorridaAluno (CorridaId, NumeroAluno, Tipo) values (90, 18, 1);
insert into CorridaAluno (CorridaId, NumeroAluno, Tipo) values (91, 20, 2);
insert into CorridaAluno (CorridaId, NumeroAluno, Tipo) values (92, 13, 1);
insert into CorridaAluno (CorridaId, NumeroAluno, Tipo) values (93, 29, 2);
insert into CorridaAluno (CorridaId, NumeroAluno, Tipo) values (94, 27, 1);
insert into CorridaAluno (CorridaId, NumeroAluno, Tipo) values (95, 21, 1);
insert into CorridaAluno (CorridaId, NumeroAluno, Tipo) values (96, 1, 1);
insert into CorridaAluno (CorridaId, NumeroAluno, Tipo) values (97, 12, 1);
insert into CorridaAluno (CorridaId, NumeroAluno, Tipo) values (98, 6, 2);
insert into CorridaAluno (CorridaId, NumeroAluno, Tipo) values (99, 6, 1);
insert into CorridaAluno (CorridaId, NumeroAluno, Tipo) values (100, 26, 2);
insert into CorridaAluno (CorridaId, NumeroAluno, Tipo) values (101, 16, 1);
insert into CorridaAluno (CorridaId, NumeroAluno, Tipo) values (102, 15, 2);
insert into CorridaAluno (CorridaId, NumeroAluno, Tipo) values (103, 9, 1);
insert into CorridaAluno (CorridaId, NumeroAluno, Tipo) values (104, 30, 1);
insert into CorridaAluno (CorridaId, NumeroAluno, Tipo) values (105, 29, 1);
insert into CorridaAluno (CorridaId, NumeroAluno, Tipo) values (106, 16, 2);
insert into CorridaAluno (CorridaId, NumeroAluno, Tipo) values (107, 15, 2);
insert into CorridaAluno (CorridaId, NumeroAluno, Tipo) values (108, 9, 1);
insert into CorridaAluno (CorridaId, NumeroAluno, Tipo) values (109, 7, 2);
insert into CorridaAluno (CorridaId, NumeroAluno, Tipo) values (110, 9, 2);
insert into CorridaAluno (CorridaId, NumeroAluno, Tipo) values (111, 15, 1);
insert into CorridaAluno (CorridaId, NumeroAluno, Tipo) values (112, 20, 2);
insert into CorridaAluno (CorridaId, NumeroAluno, Tipo) values (113, 2, 2);
insert into CorridaAluno (CorridaId, NumeroAluno, Tipo) values (114, 12, 1);
insert into CorridaAluno (CorridaId, NumeroAluno, Tipo) values (115, 22, 2);
insert into CorridaAluno (CorridaId, NumeroAluno, Tipo) values (116, 18, 1);
insert into CorridaAluno (CorridaId, NumeroAluno, Tipo) values (117, 16, 1);
insert into CorridaAluno (CorridaId, NumeroAluno, Tipo) values (118, 25, 2);
insert into CorridaAluno (CorridaId, NumeroAluno, Tipo) values (119, 23, 1);
insert into CorridaAluno (CorridaId, NumeroAluno, Tipo) values (120, 26, 1);
insert into CorridaAluno (CorridaId, NumeroAluno, Tipo) values (121, 15, 1);
insert into CorridaAluno (CorridaId, NumeroAluno, Tipo) values (122, 6, 2);
insert into CorridaAluno (CorridaId, NumeroAluno, Tipo) values (123, 6, 2);
insert into CorridaAluno (CorridaId, NumeroAluno, Tipo) values (124, 14, 1);
insert into CorridaAluno (CorridaId, NumeroAluno, Tipo) values (125, 22, 2);
insert into CorridaAluno (CorridaId, NumeroAluno, Tipo) values (126, 18, 1);
insert into CorridaAluno (CorridaId, NumeroAluno, Tipo) values (127, 6, 1);
insert into CorridaAluno (CorridaId, NumeroAluno, Tipo) values (128, 6, 2);
insert into CorridaAluno (CorridaId, NumeroAluno, Tipo) values (129, 6, 2);
insert into CorridaAluno (CorridaId, NumeroAluno, Tipo) values (130, 18, 1);
insert into CorridaAluno (CorridaId, NumeroAluno, Tipo) values (131, 6, 2);
insert into CorridaAluno (CorridaId, NumeroAluno, Tipo) values (132, 18, 1);
insert into CorridaAluno (CorridaId, NumeroAluno, Tipo) values (133, 2, 2);
insert into CorridaAluno (CorridaId, NumeroAluno, Tipo) values (134, 1, 2);
insert into CorridaAluno (CorridaId, NumeroAluno, Tipo) values (135, 30, 2);
insert into CorridaAluno (CorridaId, NumeroAluno, Tipo) values (136, 5, 1);
insert into CorridaAluno (CorridaId, NumeroAluno, Tipo) values (137, 2, 2);
insert into CorridaAluno (CorridaId, NumeroAluno, Tipo) values (138, 2, 2);
insert into CorridaAluno (CorridaId, NumeroAluno, Tipo) values (139, 24, 1);
insert into CorridaAluno (CorridaId, NumeroAluno, Tipo) values (140, 18, 2);
insert into CorridaAluno (CorridaId, NumeroAluno, Tipo) values (141, 15, 1);
insert into CorridaAluno (CorridaId, NumeroAluno, Tipo) values (142, 10, 2);
insert into CorridaAluno (CorridaId, NumeroAluno, Tipo) values (143, 30, 2);
insert into CorridaAluno (CorridaId, NumeroAluno, Tipo) values (144, 14, 2);
insert into CorridaAluno (CorridaId, NumeroAluno, Tipo) values (145, 15, 1);
insert into CorridaAluno (CorridaId, NumeroAluno, Tipo) values (146, 14, 2);
insert into CorridaAluno (CorridaId, NumeroAluno, Tipo) values (147, 11, 1);
insert into CorridaAluno (CorridaId, NumeroAluno, Tipo) values (148, 28, 1);
insert into CorridaAluno (CorridaId, NumeroAluno, Tipo) values (149, 7, 2);
insert into CorridaAluno (CorridaId, NumeroAluno, Tipo) values (150, 10, 1);
insert into CorridaAluno (CorridaId, NumeroAluno, Tipo) values (151, 18, 1);
insert into CorridaAluno (CorridaId, NumeroAluno, Tipo) values (152, 7, 1);
insert into CorridaAluno (CorridaId, NumeroAluno, Tipo) values (153, 27, 1);
insert into CorridaAluno (CorridaId, NumeroAluno, Tipo) values (154, 18, 1);
insert into CorridaAluno (CorridaId, NumeroAluno, Tipo) values (155, 2, 2);
insert into CorridaAluno (CorridaId, NumeroAluno, Tipo) values (156, 11, 2);
insert into CorridaAluno (CorridaId, NumeroAluno, Tipo) values (157, 13, 2);
insert into CorridaAluno (CorridaId, NumeroAluno, Tipo) values (158, 7, 1);
insert into CorridaAluno (CorridaId, NumeroAluno, Tipo) values (159, 20, 2);
insert into CorridaAluno (CorridaId, NumeroAluno, Tipo) values (160, 26, 2);
insert into CorridaAluno (CorridaId, NumeroAluno, Tipo) values (161, 9, 2);
insert into CorridaAluno (CorridaId, NumeroAluno, Tipo) values (162, 2, 1);
insert into CorridaAluno (CorridaId, NumeroAluno, Tipo) values (163, 27, 1);
insert into CorridaAluno (CorridaId, NumeroAluno, Tipo) values (164, 27, 1);
insert into CorridaAluno (CorridaId, NumeroAluno, Tipo) values (165, 13, 1);
insert into CorridaAluno (CorridaId, NumeroAluno, Tipo) values (166, 15, 2);
insert into CorridaAluno (CorridaId, NumeroAluno, Tipo) values (167, 12, 2);
insert into CorridaAluno (CorridaId, NumeroAluno, Tipo) values (168, 1, 2);
insert into CorridaAluno (CorridaId, NumeroAluno, Tipo) values (169, 10, 1);
insert into CorridaAluno (CorridaId, NumeroAluno, Tipo) values (170, 17, 1);
insert into CorridaAluno (CorridaId, NumeroAluno, Tipo) values (171, 21, 2);
insert into CorridaAluno (CorridaId, NumeroAluno, Tipo) values (172, 2, 2);
insert into CorridaAluno (CorridaId, NumeroAluno, Tipo) values (173, 12, 1);
insert into CorridaAluno (CorridaId, NumeroAluno, Tipo) values (174, 29, 1);
insert into CorridaAluno (CorridaId, NumeroAluno, Tipo) values (175, 26, 2);
insert into CorridaAluno (CorridaId, NumeroAluno, Tipo) values (176, 27, 2);
insert into CorridaAluno (CorridaId, NumeroAluno, Tipo) values (177, 29, 1);
insert into CorridaAluno (CorridaId, NumeroAluno, Tipo) values (178, 28, 1);
insert into CorridaAluno (CorridaId, NumeroAluno, Tipo) values (179, 26, 2);
insert into CorridaAluno (CorridaId, NumeroAluno, Tipo) values (180, 2, 1);
insert into CorridaAluno (CorridaId, NumeroAluno, Tipo) values (181, 28, 1);
insert into CorridaAluno (CorridaId, NumeroAluno, Tipo) values (182, 16, 2);
insert into CorridaAluno (CorridaId, NumeroAluno, Tipo) values (183, 15, 1);
insert into CorridaAluno (CorridaId, NumeroAluno, Tipo) values (184, 1, 2);
insert into CorridaAluno (CorridaId, NumeroAluno, Tipo) values (185, 3, 2);
insert into CorridaAluno (CorridaId, NumeroAluno, Tipo) values (186, 20, 1);
insert into CorridaAluno (CorridaId, NumeroAluno, Tipo) values (187, 11, 2);
insert into CorridaAluno (CorridaId, NumeroAluno, Tipo) values (188, 19, 2);
insert into CorridaAluno (CorridaId, NumeroAluno, Tipo) values (189, 22, 1);
insert into CorridaAluno (CorridaId, NumeroAluno, Tipo) values (190, 8, 2);
insert into CorridaAluno (CorridaId, NumeroAluno, Tipo) values (191, 16, 1);
insert into CorridaAluno (CorridaId, NumeroAluno, Tipo) values (192, 8, 2);
insert into CorridaAluno (CorridaId, NumeroAluno, Tipo) values (193, 16, 2);
insert into CorridaAluno (CorridaId, NumeroAluno, Tipo) values (194, 17, 1);
insert into CorridaAluno (CorridaId, NumeroAluno, Tipo) values (195, 18, 1);

--FilaEspera
insert into FilaEspera (Id, NumeroAluno, CategoriaVeiculo, InicioEspera, FimEspera, ZonaId) values (1, 2, 1, '2022-04-10 14:38:11', '2022-04-10 15:10:11', 10);
insert into FilaEspera (Id, NumeroAluno, CategoriaVeiculo, InicioEspera, FimEspera, ZonaId) values (2, 5, 1, '2022-05-23 04:48:39', '2022-05-23 05:39:39', 5);
insert into FilaEspera (Id, NumeroAluno, CategoriaVeiculo, InicioEspera, FimEspera, ZonaId) values (3, 14, 2, '2022-03-30 10:32:57', '2022-03-30 10:34:57', 8);
insert into FilaEspera (Id, NumeroAluno, CategoriaVeiculo, InicioEspera, FimEspera, ZonaId) values (4, 8, 2, '2022-10-06 09:10:13', '2022-10-06 09:59:13', 10);
insert into FilaEspera (Id, NumeroAluno, CategoriaVeiculo, InicioEspera, FimEspera, ZonaId) values (5, 27, 2, '2022-01-27 13:24:19', '2022-01-27 14:08:19', 6);
insert into FilaEspera (Id, NumeroAluno, CategoriaVeiculo, InicioEspera, FimEspera, ZonaId) values (6, 23, 1, '2021-12-15 23:01:43', '2021-12-15 23:15:43', 5);
insert into FilaEspera (Id, NumeroAluno, CategoriaVeiculo, InicioEspera, FimEspera, ZonaId) values (7, 2, 2, '2022-11-29 13:21:32', '2022-11-29 14:05:32', 6);
insert into FilaEspera (Id, NumeroAluno, CategoriaVeiculo, InicioEspera, FimEspera, ZonaId) values (8, 22, 2, '2022-06-27 20:58:51', '2022-06-27 21:27:51', 3);
insert into FilaEspera (Id, NumeroAluno, CategoriaVeiculo, InicioEspera, FimEspera, ZonaId) values (9, 26, 1, '2022-06-28 04:20:29', '2022-06-28 04:58:29', 6);
insert into FilaEspera (Id, NumeroAluno, CategoriaVeiculo, InicioEspera, FimEspera, ZonaId) values (10, 2, 1, '2022-07-20 06:27:45', '2022-07-20 06:52:45', 3);
insert into FilaEspera (Id, NumeroAluno, CategoriaVeiculo, InicioEspera, FimEspera, ZonaId) values (11, 25, 1, '2021-12-09 01:59:51', '2021-12-09 02:21:51', 9);
insert into FilaEspera (Id, NumeroAluno, CategoriaVeiculo, InicioEspera, FimEspera, ZonaId) values (12, 12, 2, '2022-01-18 17:08:08', '2022-01-18 18:06:08', 5);
insert into FilaEspera (Id, NumeroAluno, CategoriaVeiculo, InicioEspera, FimEspera, ZonaId) values (13, 15, 1, '2022-05-13 12:31:32', '2022-05-13 12:35:32', 2);
insert into FilaEspera (Id, NumeroAluno, CategoriaVeiculo, InicioEspera, FimEspera, ZonaId) values (14, 24, 2, '2022-10-04 00:13:26', '2022-10-04 01:10:26', 3);
insert into FilaEspera (Id, NumeroAluno, CategoriaVeiculo, InicioEspera, FimEspera, ZonaId) values (15, 27, 1, '2022-11-01 02:03:18', '2022-11-01 02:55:18', 4);

--Notificacao
insert into Notificacao (FilaEsperaId, Mensagem, DataEnvio) values (1, 'Pronto para viagem?', '2022-03-31 19:25:01');
insert into Notificacao (FilaEsperaId, Mensagem, DataEnvio) values (2, 'Pronto para viagem?', '2022-11-17 16:04:57');
insert into Notificacao (FilaEsperaId, Mensagem, DataEnvio) values (3, 'Pronto para viagem?', '2022-11-21 10:25:47');
insert into Notificacao (FilaEsperaId, Mensagem, DataEnvio) values (4, 'Pronto para viagem?', '2022-07-28 05:01:51');
insert into Notificacao (FilaEsperaId, Mensagem, DataEnvio) values (5, 'Pronto para viagem?', '2022-03-08 14:49:41');
insert into Notificacao (FilaEsperaId, Mensagem, DataEnvio) values (6, 'Pronto para viagem?', '2022-06-03 22:24:00');
insert into Notificacao (FilaEsperaId, Mensagem, DataEnvio) values (7, 'Pronto para viagem?', '2022-10-15 19:39:43');
insert into Notificacao (FilaEsperaId, Mensagem, DataEnvio) values (8, 'Pronto para viagem?', '2022-07-11 03:34:43');
insert into Notificacao (FilaEsperaId, Mensagem, DataEnvio) values (9, 'Pronto para viagem?', '2022-12-16 12:02:54');
insert into Notificacao (FilaEsperaId, Mensagem, DataEnvio) values (10, 'Pronto para viagem?', '2022-07-13 21:40:11');
insert into Notificacao (FilaEsperaId, Mensagem, DataEnvio) values (11, 'Pronto para viagem?', '2022-08-13 16:42:05');
insert into Notificacao (FilaEsperaId, Mensagem, DataEnvio) values (12, 'Pronto para viagem?', '2022-08-05 12:22:36');
insert into Notificacao (FilaEsperaId, Mensagem, DataEnvio) values (13, 'Pronto para viagem?', '2022-12-18 04:46:01');
insert into Notificacao (FilaEsperaId, Mensagem, DataEnvio) values (14, 'Pronto para viagem?', '2022-07-29 06:10:36');
insert into Notificacao (FilaEsperaId, Mensagem, DataEnvio) values (15, 'Pronto para viagem?', '2022-11-07 11:32:40');